station,t_op_s,h_true
M1.1,0.0,5.21978021978022e-06
M1.1,968.2210004689557,4.671714051479504e-06
M1.1,1936.4420009379114,4.1236478831787874e-06
M1.1,2904.663001406867,3.5755817148780713e-06
M1.1,3872.884001875823,3.0275155465773555e-06
M1.1,4841.105002344779,2.479449378276639e-06
M1.1,5809.326002813734,1.9313832099759236e-06
M1.1,6777.54700328269,1.3833170416752073e-06
M1.1,7745.768003751646,1.098901098901099e-06
M1.1,8713.9890042206,1.098901098901099e-06
M1.1,9682.210004689558,1.098901098901099e-06
M1.1,10650.431005158513,1.098901098901099e-06
M1.1,11618.652005627468,1.098901098901099e-06
M1.1,12586.873006096424,1.098901098901099e-06
M1.1,13555.09400656538,1.098901098901099e-06
M1.1,14523.315007034336,1.098901098901099e-06
M1.1,15491.536007503291,1.098901098901099e-06
M1.1,16459.757007972246,1.098901098901099e-06
M1.1,17427.9780084412,1.098901098901099e-06
M1.1,18396.19900891016,1.098901098901099e-06
M1.1,19364.420009379115,1.098901098901099e-06
M1.1,20332.64100984807,1.098901098901099e-06
M1.1,21300.862010317025,1.098901098901099e-06
M1.1,22269.08301078598,1.098901098901099e-06
M1.1,23237.304011254935,1.098901098901099e-06
M1.1,24205.525011723894,1.098901098901099e-06
M1.1,25173.74601219285,1.098901098901099e-06
M1.1,26141.967012661804,1.098901098901099e-06
M1.1,27110.18801313076,1.098901098901099e-06
M1.1,28078.409013599714,1.098901098901099e-06
M1.1,29046.630014068673,1.098901098901099e-06
M1.1,30014.851014537628,1.098901098901099e-06
M1.1,30983.072015006583,1.098901098901099e-06
M1.1,31951.293015475538,1.098901098901099e-06
M1.1,32919.51401594449,1.098901098901099e-06
M1.1,33887.73501641345,1.098901098901099e-06
M1.1,34855.9560168824,1.098901098901099e-06
M1.1,35824.17701735136,1.098901098901099e-06
M1.1,36792.39801782032,1.098901098901099e-06
M1.1,37760.619018289275,1.098901098901099e-06
M1.1,38728.84001875823,1.098901098901099e-06
M1.1,39697.061019227185,1.098901098901099e-06
M1.1,40665.28201969614,1.098901098901099e-06
M1.1,41633.503020165095,1.098901098901099e-06
M1.1,42601.72402063405,1.098901098901099e-06
M1.1,43569.945021103005,1.098901098901099e-06
M1.1,44538.16602157196,1.098901098901099e-06
M1.1,45506.387022040915,1.098901098901099e-06
M1.1,46474.60802250987,1.098901098901099e-06
M1.1,47442.82902297883,1.098901098901099e-06
M1.1,48411.05002344779,1.098901098901099e-06
M1.1,49379.27102391674,1.098901098901099e-06
M1.1,50347.4920243857,1.098901098901099e-06
M1.1,51315.71302485465,1.098901098901099e-06
M1.1,52283.93402532361,1.098901098901099e-06
M1.1,53252.15502579256,1.098901098901099e-06
M1.1,54220.37602626152,1.098901098901099e-06
M1.1,55188.59702673047,1.098901098901099e-06
M1.1,56156.81802719943,1.098901098901099e-06
M1.1,57125.03902766839,1.098901098901099e-06
M1.1,58093.260028137345,1.098901098901099e-06
M1.1,59061.4810286063,1.2027171874791385e-06
M1.1,60029.702029075255,1.3377394771762746e-06
M1.1,60997.92302954421,1.4879199594267802e-06
M1.1,61966.144030013165,1.6549603591977016e-06
M1.1,62934.36503048212,1.8407534445407527e-06
M1.1,63902.586030951075,2.047404473924245e-06
M1.1,64870.80703142003,2.277255051336239e-06
M1.1,65839.02803188899,2.5329096594659006e-06
M1.1,66807.24903235794,2.8172651716157664e-06
M1.1,67775.4700328269,3.1335436767503354e-06
M1.1,68743.69103329585,3.4853289896280965e-06
M1.1,69711.9120337648,3.8766072597206265e-06
M1.1,70680.13303423376,4.311812139066457e-06
M1.1,71648.35403470272,4.7958750208657224e-06
M1.1,72616.57503517169,5.33428091807905e-06
M1.1,73584.79603564064,5.933130615202271e-06
M1.1,74553.0170361096,6.599209797471103e-06
M1.1,75521.23803657855,7.340065940812594e-06
M1.1,76489.4590370475,8.164093833798594e-06
M1.1,77457.68003751646,9.0806307006677e-06
M1.1,78425.90103798542,1.0100062003273499e-05
M1.1,79394.12203845437,1.1233939120822119e-05
M1.1,80362.34303892333,1.2495110240851487e-05
M1.1,81330.56403939228,1.38978659446043e-05
M1.1,82298.78503986124,1.5458101136451373e-05
M1.1,83267.00604033019,1.7193495152220162e-05
M1.1,84235.22704079915,1.9123712087271357e-05
M1.1,85203.4480412681,2.1270623614281492e-05
M1.1,86171.66904173706,2.3658556815523807e-05
M1.1,87139.89004220601,2.6314569837884655e-05
M1.1,88108.11104267497,2.9268758494116865e-05
M1.1,89076.33204314392,3.2554597284490605e-05
M1.1,90044.55304361288,3.620931870302547e-05
M1.1,91012.77404408183,4.027433512629881e-05
M1.1,91980.99504455079,4.479570806533564e-05
M1.1,92949.21604501974,4.9824670097767716e-05
M1.1,93917.43704548871,5.541820539437851e-05
M1.1,94885.65804595767,6.163969541809613e-05
M1.1,95853.87904642662,6.855963711197813e-05
M1.1,96822.10004689558,7.625644171411957e-05
M1.1,97790.32104736453,8.481732325101458e-05
M1.1,98758.54204783349,9.433928677706816e-05
M1.1,99726.76304830244,0.00010493022755819459
M1.1,100694.9840487714,0.00011671015365457352
M1.1,101663.20504924035,0.00012981254575589047
M1.1,102631.4260497093,0.00014438586967762798
M1.1,103599.64705017826,0.0001605952586568004
M1.1,104567.86805064722,0.0001786243845095654
M1.1,105536.08905111617,0.00019867753885316797
M1.1,106504.31005158513,0.0002209819479749606
M1.1,107472.53105205408,0.000245790347578737
M1.1,108440.75205252304,0.0002733838465833496
M1.1,109408.97305299199,0.000304075112423877
M1.1,110377.19405346095,0.00033821191394863123
M1.1,111345.4150539299,0.0003761810620572651
M1.1,112313.63605439886,0.0004184127927321486
M1.1,113281.85705486781,0.0004653856421280061
M1.1,114250.07805533678,0.0005176318689604354
M1.1,115218.29905580574,0.0005757434856354553
M1.1,116186.52005627469,0.0006403789664600426
M1.1,117154.74105674365,0.0007122707089456954
M1.1,118122.9620572126,0.0007922333327505692
M1.1,119091.18305768156,0.0008811729102971239
M1.1,120059.40405815051,0.000980097233659278
M1.1,121027.62505861947,0.0010901272340551919
M1.1,121995.84605908842,0.0012125096833422492
M1.1,122964.06705955738,0.0013486313214373725
M1.1,123932.28806002633,0.0015000345697433312
M1.1,124900.50906049529,0.0016684350086329702
M1.1,125868.73006096424,0.001855740817032247
M1.1,126836.9510614332,0.002064074394375819
M1.1,127805.17206190215,0.0022957964099379236
M1.1,128773.3930623711,0.0025535325520462736
M1.1,129741.61406284006,0.002840203280279663
M1.1,130709.83506330902,0.0031590569177773215
M1.1,131678.05606377797,0.003513706458635629
M1.1,132646.27706424694,0.003908170507464088
M1.1,133614.49806471588,0.004346918814994833
M1.1,134582.71906518485,0.004834922925718789
M1.1,135550.9400656538,0.005377712511446762
M1.1,136519.16106612276,0.005981438029122607
M1.1,137487.3820665917,0.006652940412876188
M1.1,138455.60306706067,0.007399828590011139
M1.1,139423.8240675296,0.008230565699276026
M1.1,140392.04506799858,0.00915456498837593
M1.1,141360.26606846752,0.010182296477357558
M1.1,142328.4870689365,0.01132540559649266
M1.1,143296.70806940543,0.012596845142968495
M1.1,144264.9290698744,0.014011022051613828
M1.1,145233.15007034337,0.015583960642747753
M1.1,146201.3710708123,0.017333484196945966
M1.1,147169.59207128128,0.01927941691418457
M1.1,148137.81307175022,0.02144380854579909
M1.1,149106.0340722192,0.023851184244611103
M1.1,150074.25507268813,0.026528822464320593
M1.1,151042.4760731571,0.029507064057100282
M1.1,152010.69707362604,0.032819656071836796
M1.1,152978.918074095,0.036504134148665456
M1.1,153947.13907456395,0.04060224784278737
M1.1,154915.36007503292,0.04516043369699845
M1.1,155883.58107550186,0.05023034142340648
M1.1,156851.80207597083,0.05586941915661205
M1.1,157820.02307643977,0.06214156440996626
M1.1,158788.24407690874,0.06911784811102648
M1.1,159756.46507737768,0.0768773199203969
M1.1,160724.68607784665,0.08550790395918305
M1.1,161692.9070783156,0.09510739509472614
M1.1,162661.12807878456,0.10578456707373163
M1.1,163629.3490792535,0.117660405059262
M1.1,164597.57007972247,0.13086947653773007
M1.1,165565.79108019144,0.1455614561298959
M1.1,166534.01208066038,0.16190282158381558
M1.1,167502.23308112935,0.18007874016738004
M1.1,168470.4540815983,0.20029516683551243
M1.1,169438.67508206726,0.2227811779468069
M1.1,170406.8960825362,0.2477915669733832
M1.1,171375.11708300517,0.2756097316164887
M1.1,172343.3380834741,0.30655088504231487
M1.1,173311.55908394308,0.34096562762519345
M1.1,174279.78008441202,0.37924391967028126
M1.1,175248.001084881,0.4218195001314926
M1.1,176216.22208534993,0.4691748013939861
M1.1,177184.4430858189,0.5218464158116639
M1.1,178152.66408628784,0.5804311759420305
M1.1,179120.8850867568,0.6455929173748257
M1.1,180089.10608722575,0.7180700007853527
M1.1,181057.32708769472,0.7986836784464176
M1.1,182025.54808816366,0.8883474000014346
M1.1,182993.76908863263,0.988077162944376
M1.1,183961.99008910157,1.0990030250897602
M1.1,184930.21108957054,1.2223819094829562
M1.1,185898.43209003948,1.3596118468456073
M1.1,186866.65309050845,1.5122478169403057
M1.1,187834.87409097742,1.6820193683561013
M1.1,188803.09509144636,1.870850216368166
M1.1,189771.31609191533,2.0808800409388684
M1.1,190739.53709238427,2.3144887318577467
M1.1,191707.75809285324,2.5743233557468925
M1.1,192675.97909332218,2.8633281505002537
M1.2,0.0,3.368794326241135e-06
M1.2,1513.413715294309,3.0119648513433895e-06
M1.2,3026.827430588618,2.655135376445644e-06
M1.2,4540.2411458829265,2.2983059015478992e-06
M1.2,6053.654861177236,1.941476426650154e-06
M1.2,7567.068576471545,1.5846469517524086e-06
M1.2,9080.482291765853,1.2278174768546634e-06
M1.2,10593.896007060162,8.709880019569181e-07
M1.2,12107.309722354472,7.092198581560284e-07
M1.2,13620.723437648781,7.092198581560284e-07
M1.2,15134.13715294309,7.092198581560284e-07
M1.2,16647.5508682374,7.092198581560284e-07
M1.2,18160.964583531706,7.092198581560284e-07
M1.2,19674.378298826017,7.092198581560284e-07
M1.2,21187.792014120325,7.092198581560284e-07
M1.2,22701.205729414636,7.092198581560284e-07
M1.2,24214.619444708944,7.092198581560284e-07
M1.2,25728.03316000325,7.092198581560284e-07
M1.2,27241.446875297563,7.092198581560284e-07
M1.2,28754.86059059187,7.092198581560284e-07
M1.2,30268.27430588618,7.092198581560284e-07
M1.2,31781.68802118049,7.092198581560284e-07
M1.2,33295.1017364748,7.092198581560284e-07
M1.2,34808.515451769104,7.092198581560284e-07
M1.2,36321.92916706341,7.092198581560284e-07
M1.2,37835.34288235773,7.092198581560284e-07
M1.2,39348.756597652035,7.092198581560284e-07
M1.2,40862.17031294634,7.092198581560284e-07
M1.2,42375.58402824065,7.092198581560284e-07
M1.2,43888.99774353496,7.092198581560284e-07
M1.2,45402.41145882927,7.092198581560284e-07
M1.2,46915.82517412358,7.092198581560284e-07
M1.2,48429.23888941789,7.092198581560284e-07
M1.2,49942.652604712195,7.092198581560284e-07
M1.2,51456.0663200065,7.092198581560284e-07
M1.2,52969.48003530082,7.092198581560284e-07
M1.2,54482.893750595125,7.092198581560284e-07
M1.2,55996.30746588943,7.092198581560284e-07
M1.2,57509.72118118374,7.092198581560284e-07
M1.2,59023.13489647805,7.092198581560284e-07
M1.2,60536.54861177236,7.092198581560284e-07
M1.2,62049.96232706667,7.092198581560284e-07
M1.2,63563.37604236098,7.092198581560284e-07
M1.2,65076.789757655286,7.092198581560284e-07
M1.2,66590.2034729496,7.092198581560284e-07
M1.2,68103.61718824391,7.092198581560284e-07
M1.2,69617.03090353821,7.092198581560284e-07
M1.2,71130.44461883252,7.092198581560284e-07
M1.2,72643.85833412682,7.092198581560284e-07
M1.2,74157.27204942114,7.092198581560284e-07
M1.2,75670.68576471545,7.092198581560284e-07
M1.2,77184.09948000975,7.092198581560284e-07
M1.2,78697.51319530407,7.092198581560284e-07
M1.2,80210.92691059837,7.092198581560284e-07
M1.2,81724.34062589268,7.092198581560284e-07
M1.2,83237.754341187,7.092198581560284e-07
M1.2,84751.1680564813,7.092198581560284e-07
M1.2,86264.58177177561,7.092198581560284e-07
M1.2,87777.99548706991,7.092198581560284e-07
M1.2,89291.40920236423,7.092198581560284e-07
M1.2,90804.82291765854,7.382067523098651e-07
M1.2,92318.23663295284,8.218502851353786e-07
M1.2,93831.65034824716,9.149711636525193e-07
M1.2,95345.06406354146,1.0186432315683156e-06
M1.2,96858.47777883578,1.1340620059300655e-06
M1.2,98371.89149413009,1.26255846349073e-06
M1.2,99885.30520942439,1.4056143891574585e-06
M1.2,101398.7189247187,1.564879463517219e-06
M1.2,102912.132640013,1.7421902864880336e-06
M1.2,104425.54635530732,1.9395915564712513e-06
M1.2,105938.96007060164,2.159359649236808e-06
M1.2,107452.37378589594,2.40402886844657e-06
M1.2,108965.78750119025,2.676420670529398e-06
M1.2,110479.20121648455,2.9796762009208897e-06
M1.2,111992.61493177887,3.3172925168666353e-06
M1.2,113506.02864707318,3.6931629145000353e-06
M1.2,115019.44236236748,4.111621825235232e-06
M1.2,116532.8560776618,4.577494799207718e-06
M1.2,118046.2697929561,5.0961541521574365e-06
M1.2,119559.68350825041,5.67358091745874e-06
M1.2,121073.09722354473,6.31643381771028e-06
M1.2,122586.51093883903,7.032126051246061e-06
M1.2,124099.92465413334,7.828910779047702e-06
M1.2,125613.33836942764,8.71597629786923e-06
M1.2,127126.75208472196,9.70355199708365e-06
M1.2,128640.16580001626,1.0803026321116188e-05
M1.2,130153.57951531057,1.2027078097773323e-05
M1.2,131666.9932306049,1.3389822746909057e-05
M1.2,133180.4069458992,1.490697505546554e-05
M1.2,134693.8206611935,1.6596030395963925e-05
M1.2,136207.23437648782,1.847646647820582e-05
M1.2,137720.64809178212,2.056996796072898e-05
M1.2,139234.06180707642,2.2900676512173918e-05
M1.2,140747.47552237075,2.5495469206197505e-05
M1.2,142260.88923766505,2.838426846030581e-05
M1.2,143774.30295295935,3.1600387092733615e-05
M1.2,145287.71666825365,3.5180912476468616e-05
M1.2,146801.13038354798,3.9167134220376315e-05
M1.2,148314.54409884228,4.3605020309324196e-05
M1.2,149827.95781413658,4.854574719401839e-05
M1.2,151341.3715294309,5.404628994339937e-05
M1.2,152854.7852447252,6.017007926506681e-05
M1.2,154368.1989600195,6.698773297031064e-05
M1.2,155881.61267531384,7.457787031879305e-05
M1.2,157395.02639060814,8.302801863367658e-05
M1.2,158908.44010590244,9.243562264202938e-05
M1.2,160421.85382119674,0.00010290916817993311
M1.2,161935.26753649107,0.00011456943322054813
M1.2,163448.68125178537,0.00012755088065163436
M1.2,164962.09496707967,0.00014200320886364977
M1.2,166475.508682374,0.00015809307802936784
M1.2,167988.9223976683,0.0001760060319819826
M1.2,169502.3361129626,0.00019594863785426514
M1.2,171015.74982825693,0.00021815086815247636
M1.2,172529.16354355123,0.00024286875273444604
M1.2,174042.57725884553,0.000270387331273685
M1.2,175555.99097413983,0.00030102394025650317
M1.2,177069.40468943416,0.0003351318724168715
M1.2,178582.81840472846,0.0003731044508085821
M1.2,180096.23212002276,0.0004153795644957748
M1.2,181609.6458353171,0.0004624447181661211
M1.2,183123.0595506114,0.0005148426538973794
M1.2,184636.4732659057,0.0005731776099059694
M1.2,186149.88698120002,0.000638122288451657
M1.2,187663.30069649432,0.0007104256132502828
M1.2,189176.71441178862,0.0007909213658508263
M1.2,190690.12812708292,0.0008805378005690699
M1.2,192203.54184237725,0.0009803083488545592
M1.2,193716.95555767155,0.0010913835365306036
M1.2,195230.36927296585,0.0012150442513335813
M1.2,196743.78298826018,0.0013527165137490512
M1.2,198257.19670355448,0.0015059879214777757
M1.2,199770.61041884878,0.0016766259571646647
M1.2,201284.02413414308,0.0018665983705101134
M1.2,202797.4378494374,0.002078095869804569
M1.2,204310.8515647317,0.002313557384558638
M1.2,205824.265280026,0.00257569819055036
M1.2,207337.67899532034,0.0028675412216196384
M1.2,208851.09271061464,0.0031924519292886692
M1.2,210364.50642590894,0.003554177092199736
M1.2,211877.92014120327,0.003956888022909723
M1.2,213391.33385649757,0.0044052286702900454
M1.2,214904.74757179187,0.004904369172235269
M1.2,216418.16128708617,0.005460065476235082
M1.2,217931.5750023805,0.006078725715337361
M1.2,219444.9887176748,0.006767484104931029
M1.2,220958.4024329691,0.007534283212505888
M1.2,222471.81614826343,0.008387965549100714
M1.2,223985.22986355773,0.009338375538646545
M1.2,225498.64357885203,0.01039647304108703
M1.2,227012.05729414636,0.011574459738392025
M1.2,228525.47100944066,0.012885919840912762
M1.2,230038.88472473496,0.014345976736664214
M1.2,231552.29844002926,0.015971467389970465
M1.2,233065.7121553236,0.01778113650058825
M1.2,234579.1258706179,0.019795852662297882
M1.2,236092.5395859122,0.022038849013641126
M1.2,237605.95330120652,0.02453599115592172
M1.2,239119.36701650082,0.027316075428024715
M1.2,240632.78073179512,0.030411160977674486
M1.2,242146.19444708945,0.03385693945848471
M1.2,243659.60816238375,0.03769314661604067
M1.2,245173.02187767805,0.04196402050931055
M1.2,246686.43559297235,0.046718811651464215
M1.2,248199.84930826668,0.052012350952901035
M1.2,249713.26302356098,0.05790568201584293
M1.2,251226.67673885528,0.06446676507193903
M1.2,252740.0904541496,0.07177126068048922
M1.2,254253.5041694439,0.07990340222467415
M1.2,255766.9178847382,0.08895696726717389
M1.2,257280.3316000325,0.09903635896656952
M1.2,258793.74531532684,0.11025781002512458
M1.2,260307.15903062114,0.12275072305152085
M1.2,261820.57274591544,0.13665916279524978
M1.2,263333.9864612098,0.15214351746066718
M1.2,264847.40017650404,0.1693823482585308
M1.2,266360.8138917984,0.18857444852352306
M1.2,267874.2276070927,0.20994113614291493
M1.2,269387.641322387,0.23372880573202245
M1.2,270901.0550376813,0.2602117699874194
M1.2,272414.46875297563,0.28969542298358286
M1.2,273927.8824682699,0.3225197618912238
M1.2,275441.29618356423,0.35906330772877565
M1.2,276954.70989885856,0.39974747036000996
M1.2,278468.12361415284,0.44504140807373316
M1.2,279981.53732944716,0.49546743778485597
M1.2,281494.9510447415,0.5516070582457315
M1.2,283008.36476003577,0.6141076557257641
M1.2,284521.7784753301,0.6836899694872844
M1.2,286035.1921906244,0.7611564031474319
M1.2,287548.6059059187,0.8474002777703601
M1.2,289062.019621213,0.9434161333938076
M1.2,290575.4333365073,1.0503111977842774
M1.2,292088.8470518016,1.1693181546753995
M1.2,293602.26076709596,1.301809358729041
M1.2,295115.6744823902,1.449312661142218
M1.2,296629.08819768456,1.613529028396197
M1.2,298142.5019129789,1.796352157322181
M1.2,299655.91562827316,1.9998903126790804
M1.2,301169.3293435675,2.2264906390681114
M2.1,0.0,2.0386266094420603e-06
M2.1,2527.395828889515,1.8204025134388254e-06
M2.1,5054.79165777903,1.6021784174355908e-06
M2.1,7582.187486668545,1.3839543214323565e-06
M2.1,10109.58331555806,1.1657302254291219e-06
M2.1,12636.979144447576,9.475061294258872e-07
M2.1,15164.37497333709,7.292820334226529e-07
M2.1,17691.770802226605,5.110579374194183e-07
M2.1,20219.16663111612,4.2918454935622317e-07
M2.1,22746.562460005636,4.2918454935622317e-07
M2.1,25273.95828889515,4.2918454935622317e-07
M2.1,27801.354117784667,4.2918454935622317e-07
M2.1,30328.74994667418,4.2918454935622317e-07
M2.1,32856.145775563695,4.2918454935622317e-07
M2.1,35383.54160445321,4.2918454935622317e-07
M2.1,37910.937433342726,4.2918454935622317e-07
M2.1,40438.33326223224,4.2918454935622317e-07
M2.1,42965.72909112176,4.2918454935622317e-07
M2.1,45493.12492001127,4.2918454935622317e-07
M2.1,48020.52074890079,4.2918454935622317e-07
M2.1,50547.9165777903,4.2918454935622317e-07
M2.1,53075.31240667982,4.2918454935622317e-07
M2.1,55602.708235569335,4.2918454935622317e-07
M2.1,58130.10406445885,4.2918454935622317e-07
M2.1,60657.49989334836,4.2918454935622317e-07
M2.1,63184.895722237874,4.2918454935622317e-07
M2.1,65712.29155112739,4.2918454935622317e-07
M2.1,68239.68738001691,4.2918454935622317e-07
M2.1,70767.08320890642,4.2918454935622317e-07
M2.1,73294.47903779594,4.2918454935622317e-07
M2.1,75821.87486668545,4.2918454935622317e-07
M2.1,78349.27069557497,4.2918454935622317e-07
M2.1,80876.66652446448,4.2918454935622317e-07
M2.1,83404.06235335399,4.2918454935622317e-07
M2.1,85931.45818224351,4.2918454935622317e-07
M2.1,88458.85401113302,4.2918454935622317e-07
M2.1,90986.24984002254,4.2918454935622317e-07
M2.1,93513.64566891205,4.2918454935622317e-07
M2.1,96041.04149780158,4.2918454935622317e-07
M2.1,98568.43732669108,4.2918454935622317e-07
M2.1,101095.8331555806,4.2918454935622317e-07
M2.1,103623.22898447012,4.2918454935622317e-07
M2.1,106150.62481335964,4.2918454935622317e-07
M2.1,108678.02064224915,4.2918454935622317e-07
M2.1,111205.41647113867,4.2918454935622317e-07
M2.1,113732.81230002818,4.2918454935622317e-07
M2.1,116260.2081289177,4.2918454935622317e-07
M2.1,118787.60395780721,4.2918454935622317e-07
M2.1,121314.99978669672,4.2918454935622317e-07
M2.1,123842.39561558624,4.2918454935622317e-07
M2.1,126369.79144447575,4.2918454935622317e-07
M2.1,128897.18727336527,4.2918454935622317e-07
M2.1,131424.58310225478,4.2918454935622317e-07
M2.1,133951.9789311443,4.2918454935622317e-07
M2.1,136479.37476003382,4.2918454935622317e-07
M2.1,139006.77058892333,4.2918454935622317e-07
M2.1,141534.16641781284,4.2918454935622317e-07
M2.1,144061.56224670235,4.2918454935622317e-07
M2.1,146588.9580755919,4.2918454935622317e-07
M2.1,149116.3539044814,4.2918454935622317e-07
M2.1,151643.7497333709,4.782829249559272e-07
M2.1,154171.1455622604,5.330815288117391e-07
M2.1,156698.54139114995,5.941586068255467e-07
M2.1,159225.93722003946,6.622335064802948e-07
M2.1,161753.33304892897,7.381079935007181e-07
M2.1,164280.72887781847,8.226756948092711e-07
M2.1,166808.12470670798,9.169326233956556e-07
M2.1,169335.52053559752,1.0219889090587062e-06
M2.1,171862.91636448703,1.139081873181775e-06
M2.1,174390.31219337654,1.2695906015324182e-06
M2.1,176917.70802226604,1.4150521867204064e-06
M2.1,179445.10385115558,1.5771798316128888e-06
M2.1,181972.4996800451,1.7578830269232672e-06
M2.1,184499.8955089346,1.959290040619397e-06
M2.1,187027.2913378241,2.1837729840245652e-06
M2.1,189554.68716671364,2.433975749832302e-06
M2.1,192082.08299560315,2.712845151080532e-06
M2.1,194609.47882449266,3.023665627830605e-06
M2.1,197136.87465338217,3.370097930315988e-06
M2.1,199664.2704822717,3.756222234159149e-06
M2.1,202191.6663111612,4.186586195454747e-06
M2.1,204719.06214005072,4.666258511697426e-06
M2.1,207246.45796894023,5.2008886193787355e-06
M2.1,209773.85379782974,5.796773231353532e-06
M2.1,212301.24962671928,6.460930497633088e-06
M2.1,214828.64545560878,7.201182663048256e-06
M2.1,217356.0412844983,8.026248195300088e-06
M2.1,219883.4371133878,8.9458444684541e-06
M2.1,222410.83294227734,9.970802211253925e-06
M2.1,224938.22877116685,1.1113193068191793e-05
M2.1,227465.62460005636,1.2386471775712278e-05
M2.1,229993.02042894586,1.3805634628057448e-05
M2.1,232520.4162578354,1.538739609911711e-05
M2.1,235047.8120867249,1.7150385700482607e-05
M2.1,237575.20791561442,1.9115367394239992e-05
M2.1,240102.60374450393,2.130548414467965e-05
M2.1,242629.99957339343,2.374653048917993e-05
M2.1,245157.39540228297,2.6467256338522033e-05
M2.1,247684.79123117248,2.949970558470525e-05
M2.1,250212.187060062,3.2879593504284e-05
M2.1,252739.5828889515,3.6646727402169634e-05
M2.1,255266.97871784103,4.084547545011319e-05
M2.1,257794.37454673054,4.552528924170801e-05
M2.1,260321.77037562005,5.074128621840851e-05
M2.1,262849.16620450956,5.655489882620363e-05
M2.1,265376.56203339907,6.303459804851698e-05
M2.1,267903.9578622886,7.025669983688686e-05
M2.1,270431.35369117814,7.830626393732616e-05
M2.1,272958.74952006765,8.727809569846536e-05
M2.1,275486.14534895716,9.727786266047955e-05
M2.1,278013.54117784667,0.00010842333907564311
M2.1,280540.9370067362,0.000120845793018104
M2.1,283068.3328356257,0.0001346915324198413
M2.1,285595.7286645152,0.00015012362824155042
M2.1,288123.1244934047,0.0001673238350734457
M2.1,290650.5203222942,0.00018649473178624344
M2.1,293177.9161511838,0.0002078621074442647
M2.1,295705.3119800733,0.00023167762058122642
M2.1,298232.7078089628,0.00025822176315888097
M2.1,300760.1036378523,0.0002878071641171037
M2.1,303287.4994667418,0.0003207822714236649
M2.1,305814.8952956313,0.00035753545598975173
M2.1,308342.2911245208,0.00039849958578592765
M2.1,310869.68695341033,0.0004441571240310995
M2.1,313397.0827822999,0.0004950458114994226
M2.1,315924.4786111894,0.0005517649998696435
M2.1,318451.8744400789,0.0006149827107091954
M2.1,320979.2702689684,0.0006854435032315954
M2.1,323506.66609785793,0.0007639772434912733
M2.1,326034.06192674744,0.000851508878296742
M2.1,328561.45775563695,0.0009490693289563369
M2.1,331088.85358452646,0.0010578076331597983
M2.1,333616.24941341596,0.0011790044779991153
M2.1,336143.64524230553,0.0013140872835164892
M2.1,338671.04107119504,0.0014646470144289321
M2.1,341198.43690008455,0.0016324569180329207
M2.1,343725.83272897406,0.0018194934089785424
M2.1,346253.22855786356,0.0020279593468877084
M2.1,348780.6243867531,0.002260309980973234
M2.1,351308.0202156426,0.002519281867226756
M2.1,353835.4160445321,0.002807925098753392
M2.1,356362.81187342166,0.0031296392288523464
M2.1,358890.20770231116,0.003488213309934779
M2.1,361417.6035312007,0.0038878705198452067
M2.1,363944.9993600902,0.0043333179011819265
M2.1,366472.3951889797,0.004829801799431168
M2.1,368999.7910178692,0.005383169652848686
M2.1,371527.1868467587,0.005999938861831556
M2.1,374054.5826756482,0.006687373548902807
M2.1,376581.9785045377,0.007453570113364991
M2.1,379109.3743334273,0.008307552588259855
M2.1,381636.7701623168,0.009259378922719361
M2.1,384164.1659912063,0.010320259441470272
M2.1,386691.5618200958,0.011502688876672124
M2.1,389218.9576489853,0.012820593527120363
M2.1,391746.3534778748,0.01428949527801145
M2.1,394273.74930676434,0.01592669441304516
M2.1,396801.14513565385,0.01775147337197088
M2.1,399328.5409645434,0.01978532385337221
M2.1,401855.9367934329,0.02205219993743853
M2.1,404383.3326223224,0.024578800209928284
M2.1,406910.72845121194,0.02739488221009399
M2.1,409438.12428010145,0.03053361290604322
M2.1,411965.52010899095,0.03403195932532882
M2.1,414492.91593788046,0.03793112394149743
M2.1,417020.31176676997,0.042277029944450255
M2.1,419547.7075956595,0.04712086210998216
M2.1,422075.10342454904,0.05251966963870013
M2.1,424602.49925343855,0.05853703806437497
M2.1,427129.89508232806,0.06524383814526395
M2.1,429657.29091121757,0.07271906055861782
M2.1,432184.6867401071,0.08105074622915642
M2.1,434712.0825689966,0.09033702324863963
M2.1,437239.4783978861,0.10068726259906509
M2.1,439766.8742267756,0.1122233662912482
M2.1,442294.27005566517,0.1250812030900982
M2.1,444821.6658845547,0.13941220873612703
M2.1,447349.0617134442,0.15538516951012638
M2.1,449876.4575423337,0.17318821014729346
M2.1,452403.8533712232,0.19303100951386798
M2.1,454931.2492001127,0.21514727014184776
M2.1,457458.6450290022,0.23979747070723226
M2.1,459986.0408578917,0.2672719338696419
M2.1,462513.43668678124,0.2978942456054177
M2.1,465040.8325156708,0.332025066306077
M2.1,467568.2283445603,0.3700663785280903
M2.1,470095.6241734498,0.41246622142272055
M2.1,472623.0200023393,0.459723967606594
M2.1,475150.41583122883,0.5123962046224084
M2.1,477677.81166011834,0.5711032902598728
M2.1,480205.20748900785,0.6365366589434508
M2.1,482732.60331789736,0.7094669652393698
M2.1,485259.99914678687,0.7907531603936697
M2.1,487787.39497567643,0.8813526088020319
M2.1,490314.79080456594,0.9823323635601153
M2.1,492842.18663345545,1.094881733894496
M2.1,495369.58246234496,1.2203262924895515
M2.1,497896.97829123447,1.3601434876844833
M2.1,500424.374120124,1.5159800444161535
M2.1,502951.7699490135,1.6896713588508707
M2.2,0.0,2.0386266094420603e-06
M2.2,2524.302810955017,1.8206695753034384e-06
M2.2,5048.605621910034,1.6027125411648163e-06
M2.2,7572.908432865051,1.3847555070261944e-06
M2.2,10097.211243820067,1.1667984728875725e-06
M2.2,12621.514054775085,9.488414387489509e-07
M2.2,15145.816865730101,7.308844046103292e-07
M2.2,17670.119676685117,5.129273704717072e-07
M2.2,20194.422487640135,4.2918454935622317e-07
M2.2,22718.725298595153,4.2918454935622317e-07
M2.2,25243.02810955017,4.2918454935622317e-07
M2.2,27767.330920505185,4.2918454935622317e-07
M2.2,30291.633731460202,4.2918454935622317e-07
M2.2,32815.93654241522,4.2918454935622317e-07
M2.2,35340.239353370234,4.2918454935622317e-07
M2.2,37864.542164325256,4.2918454935622317e-07
M2.2,40388.84497528027,4.2918454935622317e-07
M2.2,42913.147786235284,4.2918454935622317e-07
M2.2,45437.450597190305,4.2918454935622317e-07
M2.2,47961.75340814532,4.2918454935622317e-07
M2.2,50486.05621910034,4.2918454935622317e-07
M2.2,53010.359030055355,4.2918454935622317e-07
M2.2,55534.66184101037,4.2918454935622317e-07
M2.2,58058.96465196539,4.2918454935622317e-07
M2.2,60583.267462920405,4.2918454935622317e-07
M2.2,63107.57027387542,4.2918454935622317e-07
M2.2,65631.87308483044,4.2918454935622317e-07
M2.2,68156.17589578546,4.2918454935622317e-07
M2.2,70680.47870674047,4.2918454935622317e-07
M2.2,73204.78151769549,4.2918454935622317e-07
M2.2,75729.08432865051,4.2918454935622317e-07
M2.2,78253.38713960552,4.2918454935622317e-07
M2.2,80777.68995056054,4.2918454935622317e-07
M2.2,83301.99276151556,4.2918454935622317e-07
M2.2,85826.29557247057,4.2918454935622317e-07
M2.2,88350.59838342559,4.2918454935622317e-07
M2.2,90874.90119438061,4.2918454935622317e-07
M2.2,93399.20400533562,4.2918454935622317e-07
M2.2,95923.50681629064,4.2918454935622317e-07
M2.2,98447.80962724566,4.2918454935622317e-07
M2.2,100972.11243820068,4.2918454935622317e-07
M2.2,103496.41524915569,4.2918454935622317e-07
M2.2,106020.71806011071,4.2918454935622317e-07
M2.2,108545.02087106573,4.2918454935622317e-07
M2.2,111069.32368202074,4.2918454935622317e-07
M2.2,113593.62649297576,4.2918454935622317e-07
M2.2,116117.92930393078,4.2918454935622317e-07
M2.2,118642.23211488579,4.2918454935622317e-07
M2.2,121166.53492584081,4.2918454935622317e-07
M2.2,123690.83773679583,4.2918454935622317e-07
M2.2,126215.14054775084,4.2918454935622317e-07
M2.2,128739.44335870586,4.2918454935622317e-07
M2.2,131263.74616966088,4.2918454935622317e-07
M2.2,133788.0489806159,4.2918454935622317e-07
M2.2,136312.35179157092,4.2918454935622317e-07
M2.2,138836.65460252593,4.2918454935622317e-07
M2.2,141360.95741348094,4.2918454935622317e-07
M2.2,143885.26022443597,4.2918454935622317e-07
M2.2,146409.56303539098,4.2918454935622317e-07
M2.2,148933.865846346,4.2918454935622317e-07
M2.2,151458.16865730102,4.7448860241191754e-07
M2.2,153982.47146825603,5.287822778046013e-07
M2.2,156506.77427921104,5.892885432840898e-07
M2.2,159031.07709016607,6.567182786224292e-07
M2.2,161555.37990112108,7.318637064846026e-07
M2.2,164079.6827120761,8.156077001434123e-07
M2.2,166603.98552303112,9.089341562358545e-07
M2.2,169128.28833398613,1.012939554429067e-06
M2.2,171652.59114494114,1.1288458398087899e-06
M2.2,174176.89395589617,1.2580147793437243e-06
M2.2,176701.19676685118,1.4019639610979188e-06
M2.2,179225.4995778062,1.5623846241637323e-06
M2.2,181749.80238876122,1.7411615287967882e-06
M2.2,184274.10519971623,1.940395100204375e-06
M2.2,186798.40801067124,2.1624261061516836e-06
M2.2,189322.71082162627,2.4098631583195736e-06
M2.2,191847.01363258128,2.6856133605235917e-06
M2.2,194371.31644353629,2.992916463875986e-06
M2.2,196895.61925449132,3.335382930174868e-06
M2.2,199419.92206544633,3.717036350722161e-06
M2.2,201944.22487640136,4.142360718943162e-06
M2.2,204468.52768735637,4.616353112207138e-06
M2.2,206992.83049831138,5.1445824018004705e-06
M2.2,209517.1333092664,5.73325468082771e-06
M2.2,212041.43612022142,6.3892861787438775e-06
M2.2,214565.73893117643,7.120384519180996e-06
M2.2,217090.04174213146,7.935139275755526e-06
M2.2,219614.34455308647,8.84312288978466e-06
M2.2,222138.64736404148,9.855003135579818e-06
M2.2,224662.9501749965,1.0982668454656452e-05
M2.2,227187.25298595152,1.2239367631394376e-05
M2.2,229711.55579690653,1.3639865451179218e-05
M2.2,232235.85860786156,1.5200616169830425e-05
M2.2,234760.16141881657,1.693995683238461e-05
M2.2,237284.46422977158,1.8878322712509836e-05
M2.2,239808.7670407266,2.103848740371889e-05
M2.2,242333.06985168162,2.3445830383179827e-05
M2.2,244857.37266263663,2.6128635191694894e-05
M2.2,247381.67547359166,2.9118421733122113e-05
M2.2,249905.97828454667,3.245031659738049e-05
M2.2,252430.28109550168,3.6163465757912875e-05
M2.2,254954.5839064567,4.0301494492331304e-05
M2.2,257478.88671741172,4.4913019929789754e-05
M2.2,260003.18952836673,5.005222224693248e-05
M2.2,262527.49233932176,5.5779481223320404e-05
M2.2,265051.7951502768,6.216208563513769e-05
M2.2,267576.0979612318,6.927502382174636e-05
M2.2,270100.4007721868,7.720186471334948e-05
M2.2,272624.70358314185,8.603573967082983e-05
M2.2,275149.0063940968,9.588043667327162e-05
M2.2,277673.30920505186,0.00010685161970861932
M2.2,280197.6120160069,0.00011907818769392579
M2.2,282721.9148269619,0.00013270378889096015
M2.2,285246.2176379169,0.00014788850860983376
M2.2,287770.52044887195,0.00016481075002923882
M2.2,290294.8232598269,0.00018366933023080057
M2.2,292819.12607078196,0.00020468581607356446
M2.2,295343.428881737,0.00022810712735247488
M2.2,297867.731692692,0.0002542084378250098
M2.2,300392.034503647,0.00028329640818972404
M2.2,302916.33731460205,0.0003157127890005181
M2.2,305440.640125557,0.0003518384358467877
M2.2,307964.94293651206,0.0003920977839732398
M2.2,310489.2457474671,0.00043696383491107236
M2.2,313013.5485584221,0.00048696371370775585
M2.2,315537.8513693771,0.0005426848620465566
M2.2,318062.15418033215,0.0006047819400178852
M2.2,320586.4569912871,0.0006739845176304499
M2.2,323110.75980224216,0.0007511056464287245
M2.2,325635.0626131972,0.0008370514119234466
M2.2,328159.3654241522,0.0009328315790653857
M2.2,330683.6682351072,0.0010395714558345509
M2.2,333207.97104606224,0.0011585251143285049
M2.2,335732.2738570172,0.0012910901246825743
M2.2,338256.57666797226,0.0014388239749286993
M2.2,340780.8794789273,0.0016034623697076188
M2.2,343305.1822898823,0.0017869396228234059
M2.2,345829.4851008373,0.001991411383229725
M2.2,348353.78791179234,0.002219279961452198
M2.2,350878.0907227473,0.002473222554003595
M2.2,353402.39353370236,0.002756222697396639
M2.2,355926.6963446574,0.003071605321303143
M2.2,358450.9991556124,0.003423075812694406
M2.2,360975.3019665674,0.0038147635499219427
M2.2,363499.60477752244,0.004251270418214435
M2.2,366023.9075884774,0.004737724876592912
M2.2,368548.21039943246,0.005279842211428851
M2.2,371072.5132103875,0.0058839916845558225
M2.2,373596.81602134247,0.006557271364848717
M2.2,376121.1188322975,0.007307591522456564
M2.2,378645.42164325254,0.008143767565475954
M2.2,381169.7244542075,0.009075623610965441
M2.2,383694.02726516256,0.010114107907142834
M2.2,386218.3300761176,0.01127142146284399
M2.2,388742.63288707257,0.01256116139549361
M2.2,391266.9356980276,0.01399848068176386
M2.2,393791.23850898264,0.015600266187807767
M2.2,396315.5413199376,0.01738533707072218
M2.2,398839.84413089266,0.019374665882230226
M2.2,401364.1469418477,0.021591624972299814
M2.2,403888.4497528027,0.024062261087661994
M2.2,406412.7525637577,0.02681560139144737
M2.2,408937.05537471274,0.029883994499324204
M2.2,411461.3581856678,0.03330349053892456
M2.2,413985.66099662276,0.03711426469782408
M2.2,416509.9638075778,0.04136108923628257
M2.2,419034.2666185328,0.046093859510357806
M2.2,421558.5694294878,0.05136818018556481
M2.2,424082.87224044284,0.05724601852842717
M2.2,426607.1750513979,0.06379643245134764
M2.2,429131.47786235285,0.07109638186450055
M2.2,431655.7806733079,0.0792316328672097
M2.2,434180.0834842629,0.08829776540202258
M2.2,436704.3862952179,0.09840129621028164
M2.2,439228.68910617294,0.10966093028263499
M2.2,441752.991917128,0.12220895550760418
M2.2,444277.29472808295,0.13619279690375297
M2.2,446801.597539038,0.151776748695908
M2.2,449325.900349993,0.16914390458535278
M2.2,451850.203160948,0.18849830889248892
M2.2,454374.50597190304,0.21006735384542535
M2.2,456898.8087828581,0.23410445117991993
M2.2,459423.11159381305,0.2608920094389289
M2.2,461947.4144047681,0.2907447519516464
M2.2,464471.7172157231,0.32401341447451376
M2.2,466996.0200266781,0.3610888659372706
M2.2,469520.32283763314,0.40240670070812756
M2.2,472044.6256485882,0.44845235633194996
M2.2,474568.92845954315,0.499766816869052
M2.2,477093.2312704982,0.5569529688423447
M2.2,479617.5340814532,0.6206826844679846
M2.2,482141.8368924082,0.69170471538941
M2.2,484666.13970336324,0.7708534896572028
M2.2,487190.4425143183,0.8590589153092058
M2.2,489714.74532527325,0.9573573057318624
M2.2,492239.0481362283,1.066903555163367
M2.2,494763.3509471833,1.1889847073868143
M2.2,497287.6537581383,1.3250350770302164
M2.2,499811.95656909334,1.4766531011313444
M2.2,502336.2593800483,1.6456201189540867
M3.1,0.0,2.86144578313253e-06
M3.1,1717.1437062790135,2.5693456552771494e-06
M3.1,3434.287412558027,2.2772455274217683e-06
M3.1,5151.43111883704,1.9851453995663875e-06
M3.1,6868.574825116054,1.6930452717110068e-06
M3.1,8585.718531395067,1.4009451438556258e-06
M3.1,10302.86223767408,1.108845016000245e-06
M3.1,12020.005943953094,8.167448881448639e-07
M3.1,13737.149650232108,6.024096385542169e-07
M3.1,15454.293356511122,6.024096385542169e-07
M3.1,17171.437062790133,6.024096385542169e-07
M3.1,18888.580769069147,6.024096385542169e-07
M3.1,20605.72447534816,6.024096385542169e-07
M3.1,22322.868181627175,6.024096385542169e-07
M3.1,24040.01188790619,6.024096385542169e-07
M3.1,25757.155594185202,6.024096385542169e-07
M3.1,27474.299300464216,6.024096385542169e-07
M3.1,29191.44300674323,6.024096385542169e-07
M3.1,30908.586713022243,6.024096385542169e-07
M3.1,32625.730419301257,6.024096385542169e-07
M3.1,34342.87412558027,6.024096385542169e-07
M3.1,36060.01783185928,6.024096385542169e-07
M3.1,37777.161538138294,6.024096385542169e-07
M3.1,39494.30524441731,6.024096385542169e-07
M3.1,41211.44895069632,6.024096385542169e-07
M3.1,42928.592656975336,6.024096385542169e-07
M3.1,44645.73636325435,6.024096385542169e-07
M3.1,46362.88006953336,6.024096385542169e-07
M3.1,48080.02377581238,6.024096385542169e-07
M3.1,49797.16748209139,6.024096385542169e-07
M3.1,51514.311188370404,6.024096385542169e-07
M3.1,53231.45489464942,6.024096385542169e-07
M3.1,54948.59860092843,6.024096385542169e-07
M3.1,56665.742307207445,6.024096385542169e-07
M3.1,58382.88601348646,6.024096385542169e-07
M3.1,60100.02971976547,6.024096385542169e-07
M3.1,61817.17342604449,6.024096385542169e-07
M3.1,63534.3171323235,6.024096385542169e-07
M3.1,65251.460838602514,6.024096385542169e-07
M3.1,66968.60454488153,6.024096385542169e-07
M3.1,68685.74825116053,6.024096385542169e-07
M3.1,70402.89195743955,6.024096385542169e-07
M3.1,72120.03566371856,6.024096385542169e-07
M3.1,73837.17936999758,6.024096385542169e-07
M3.1,75554.32307627659,6.024096385542169e-07
M3.1,77271.46678255561,6.024096385542169e-07
M3.1,78988.61048883462,6.024096385542169e-07
M3.1,80705.75419511364,6.024096385542169e-07
M3.1,82422.89790139264,6.024096385542169e-07
M3.1,84140.04160767166,6.024096385542169e-07
M3.1,85857.18531395067,6.024096385542169e-07
M3.1,87574.32902022969,6.024096385542169e-07
M3.1,89291.4727265087,6.024096385542169e-07
M3.1,91008.61643278772,6.024096385542169e-07
M3.1,92725.76013906673,6.024096385542169e-07
M3.1,94442.90384534575,6.024096385542169e-07
M3.1,96160.04755162475,6.024096385542169e-07
M3.1,97877.19125790377,6.024096385542169e-07
M3.1,99594.33496418278,6.024096385542169e-07
M3.1,101311.4786704618,6.024096385542169e-07
M3.1,103028.62237674081,6.024096385542169e-07
M3.1,104745.76608301983,6.024096385542169e-07
M3.1,106462.90978929884,6.105535331988586e-07
M3.1,108180.05349557786,6.77092820494053e-07
M3.1,109897.19720185686,7.50883686091572e-07
M3.1,111614.34090813587,8.327164208107536e-07
M3.1,113331.48461441489,9.234674428701191e-07
M3.1,115048.6283206939,1.0241086842154206e-06
M3.1,116765.77202697292,1.1357179997876222e-06
M3.1,118482.91573325192,1.259490711212712e-06
M3.1,120200.05943953095,1.396752408544855e-06
M3.1,121917.20314580995,1.5489731471678671e-06
M3.1,123634.34685208897,1.717783191902103e-06
M3.1,125351.49055836798,1.904990476934063e-06
M3.1,127068.634264647,2.1125999685624432e-06
M3.1,128785.777970926,2.342835138133087e-06
M3.1,130502.92167720503,2.5981617751353503e-06
M3.1,132220.06538348403,2.8813143954950396e-06
M3.1,133937.20908976306,3.1953255278934526e-06
M3.1,135654.35279604208,3.5435581917652416e-06
M3.1,137371.49650232107,3.929741914810386e-06
M3.1,139088.6402086001,4.358012675763252e-06
M3.1,140805.7839148791,4.832957200200666e-06
M3.1,142522.92762115813,5.359662083791588e-06
M3.1,144240.07132743712,5.943768269092145e-06
M3.1,145957.21503371614,6.591531459325571e-06
M3.1,147674.35873999516,7.309889116170925e-06
M3.1,149391.5024462742,8.106534759098509e-06
M3.1,151108.64615255318,8.99000036198847e-06
M3.1,152825.7898588322,9.969747729489857e-06
M3.1,154542.93356511122,1.1056269831749291e-05
M3.1,156260.07727139024,1.2261203182791492e-05
M3.1,157977.22097766923,1.3597452466109908e-05
M3.1,159694.36468394825,1.5079328742191615e-05
M3.1,161411.50839022727,1.6722702718161337e-05
M3.1,163128.6520965063,1.8545174721043765e-05
M3.1,164845.7958027853,2.0566263195035406e-05
M3.1,166562.9395090643,2.2807613741568655e-05
M3.1,168280.08321534333,2.5293230940959708e-05
M3.1,169997.22692162232,2.804973543842207e-05
M3.1,171714.37062790134,3.1106649047803265e-05
M3.1,173431.51433418036,3.449671092646979e-05
M3.1,175148.65804045938,3.8256228207533546e-05
M3.1,176865.80174673838,4.2425464844646676e-05
M3.1,178582.9454530174,4.7049072833842727e-05
M3.1,180300.08915929642,5.217657043075533e-05
M3.1,182017.23286557544,5.7862872484860715e-05
M3.1,183734.37657185443,6.416887857055684e-05
M3.1,185451.52027813345,7.116212521388773e-05
M3.1,187168.66398441247,7.89175092001783e-05
M3.1,188885.8076906915,8.75180897091138e-05
M3.1,190602.9513969705,9.7055977868029e-05
M3.1,192320.0951032495,0.0001076333232504093
M3.1,194037.23880952853,0.00011936340788487636
M3.1,195754.38251580755,0.0001323718594913605
M3.1,197471.52622208654,0.00014679799693805974
M3.1,199188.66992836556,0.0001627963223288644
M3.1,200905.81363464458,0.0001805381757013078
M3.1,202622.9573409236,0.00020021357005665745
M3.1,204340.1010472026,0.00022203322637507763
M3.1,206057.24475348162,0.0002462308304106251
M3.1,207774.38845976064,0.0002730655354360575
M3.1,209491.53216603966,0.00030282473774154644
M3.1,211208.67587231865,0.0003358271546125229
M3.1,212925.81957859767,0.0003724262377514173
M3.1,214642.9632848767,0.00041301395870059525
M3.1,216360.1069911557,0.0004580250068079094
M3.1,218077.2506974347,0.0005079414446945246
M3.1,219794.39440371373,0.0005632978710845061
M3.1,221511.53810999275,0.0006246871462893972
M3.1,223228.68181627174,0.0006927667416670336
M3.1,224945.82552255076,0.0007682657810564686
M3.1,226662.96922882978,0.0008519928496018789
M3.1,228380.1129351088,0.0009448446535970028
M3.1,230097.2566413878,0.001047815624095902
M3.1,231814.40034766681,0.0011620085671435406
M3.1,233531.54405394584,0.0012886464746887554
M3.1,235248.68776022486,0.0014290856226730601
M3.1,236965.83146650385,0.0015848300965740927
M3.1,238682.97517278287,0.0017575478999704898
M3.1,240400.1188790619,0.0019490888186488077
M3.1,242117.2625853409,0.0021615042315749067
M3.1,243834.4062916199,0.002397069080902696
M3.1,245551.54999789892,0.0026583062363163316
M3.1,247268.69370417795,0.0029480135146447805
M3.1,248985.83741045697,0.003269293644125541
M3.1,250702.98111673596,0.003625587494230846
M3.1,252420.12482301498,0.0040207109269437
M3.1,254137.268529294,0.004458895664156084
M3.1,255854.41223557302,0.004944834608874213
M3.1,257571.555941852,0.005483732105614989
M3.1,259288.69964813103,0.006081359678276262
M3.1,261005.84335441006,0.006744117842426366
M3.1,262722.9870606891,0.007479104654014753
M3.1,264440.13076696807,0.008294191728651706
M3.1,266157.2744732471,0.009198108545613995
M3.1,267874.4181795261,0.010200535939461623
M3.1,269591.5618858051,0.011312209780549202
M3.1,271308.70559208415,0.012545035954837086
M3.1,273025.84929836314,0.013912217874420775
M3.1,274742.99300464214,0.015428397884401843
M3.1,276460.1367109212,0.017109814080548
M3.1,278177.2804172002,0.01897447421724088
M3.1,279894.42412347917,0.021042348568244
M3.1,281611.5678297582,0.023335583805803473
M3.1,283328.7115360372,0.025878740188701118
M3.1,285045.85524231626,0.028699054599514457
M3.1,286762.99894859525,0.03182673224817626
M3.1,288480.14265487425,0.03529527016594604
M3.1,290197.2863611533,0.03914181595437006
M3.1,291914.4300674323,0.043407565631384995
M3.1,293631.5737737113,0.04813820483545133
M3.1,295348.71747999033,0.05338439811295034
M3.1,297065.8611862693,0.059202331529055185
M3.1,298783.0048925484,0.06565431441337052
M3.1,300500.14859882736,0.0728094466849537
M3.1,302217.29230510636,0.08074435890369303
M3.1,303934.4360113854,0.08954403297389356
M3.1,305651.5797176644,0.0993027122896997
M3.1,307368.7234239434,0.11012491106990768
M3.1,309085.86713022244,0.12212653369200126
M3.1,310803.01083650143,0.13543611601334588
M3.1,312520.1545427805,0.15019620197393674
M3.1,314237.2982490595,0.16656487022392588
M3.1,315954.44195533847,0.1847174271259369
M3.1,317671.5856616175,0.20484828426399412
M3.1,319388.7293678965,0.22717304056694404
M3.1,321105.8730741755,0.2519307913456672
M3.1,322823.01678045455,0.2793866889735592
M3.1,324540.16048673354,0.30983478263483893
M3.1,326257.3041930126,0.34360116755406217
M3.1,327974.4478992916,0.3810474774346365
M3.1,329691.5916055706,0.42257475750996676
M3.1,331408.7353118496,0.4686277596870843
M3.1,333125.8790181286,0.5196997057831952
M3.1,334843.0227244076,0.5763375698688525
M3.1,336560.16643068666,0.639147936290938
M3.1,338277.31013696565,0.7088034961141257
M3.1,339994.45384324464,0.7860502515569688
M3.1,341711.5975495237,0.8717155055810998
M3.2,0.0,3.368794326241135e-06
M3.2,1530.0452965980555,3.008043492389549e-06
M3.2,3060.090593196111,2.6472926585379624e-06
M3.2,4590.135889794166,2.286541824686376e-06
M3.2,6120.181186392222,1.92579099083479e-06
M3.2,7650.226482990278,1.565040156983204e-06
M3.2,9180.271779588333,1.204289323131618e-06
M3.2,10710.31707618639,8.435384892800312e-07
M3.2,12240.362372784444,7.092198581560284e-07
M3.2,13770.407669382499,7.092198581560284e-07
M3.2,15300.452965980556,7.092198581560284e-07
M3.2,16830.49826257861,7.092198581560284e-07
M3.2,18360.543559176665,7.092198581560284e-07
M3.2,19890.58885577472,7.092198581560284e-07
M3.2,21420.63415237278,7.092198581560284e-07
M3.2,22950.679448970834,7.092198581560284e-07
M3.2,24480.72474556889,7.092198581560284e-07
M3.2,26010.770042166943,7.092198581560284e-07
M3.2,27540.815338764998,7.092198581560284e-07
M3.2,29070.860635363057,7.092198581560284e-07
M3.2,30600.90593196111,7.092198581560284e-07
M3.2,32130.951228559166,7.092198581560284e-07
M3.2,33660.99652515722,7.092198581560284e-07
M3.2,35191.04182175528,7.092198581560284e-07
M3.2,36721.08711835333,7.092198581560284e-07
M3.2,38251.13241495139,7.092198581560284e-07
M3.2,39781.17771154944,7.092198581560284e-07
M3.2,41311.2230081475,7.092198581560284e-07
M3.2,42841.26830474556,7.092198581560284e-07
M3.2,44371.31360134361,7.092198581560284e-07
M3.2,45901.35889794167,7.092198581560284e-07
M3.2,47431.40419453972,7.092198581560284e-07
M3.2,48961.44949113778,7.092198581560284e-07
M3.2,50491.494787735835,7.092198581560284e-07
M3.2,52021.54008433389,7.092198581560284e-07
M3.2,53551.585380931945,7.092198581560284e-07
M3.2,55081.630677529996,7.092198581560284e-07
M3.2,56611.675974128055,7.092198581560284e-07
M3.2,58141.72127072611,7.092198581560284e-07
M3.2,59671.766567324164,7.092198581560284e-07
M3.2,61201.81186392222,7.092198581560284e-07
M3.2,62731.857160520274,7.092198581560284e-07
M3.2,64261.90245711833,7.092198581560284e-07
M3.2,65791.94775371639,7.092198581560284e-07
M3.2,67321.99305031444,7.092198581560284e-07
M3.2,68852.0383469125,7.092198581560284e-07
M3.2,70382.08364351056,7.092198581560284e-07
M3.2,71912.12894010861,7.092198581560284e-07
M3.2,73442.17423670666,7.092198581560284e-07
M3.2,74972.21953330473,7.092198581560284e-07
M3.2,76502.26482990278,7.092198581560284e-07
M3.2,78032.31012650083,7.092198581560284e-07
M3.2,79562.35542309888,7.092198581560284e-07
M3.2,81092.40071969695,7.092198581560284e-07
M3.2,82622.446016295,7.092198581560284e-07
M3.2,84152.49131289305,7.092198581560284e-07
M3.2,85682.53660949112,7.092198581560284e-07
M3.2,87212.58190608917,7.092198581560284e-07
M3.2,88742.62720268722,7.092198581560284e-07
M3.2,90272.67249928528,7.10865166886704e-07
M3.2,91802.71779588333,7.923447788717799e-07
M3.2,93332.76309248139,8.831636122429799e-07
M3.2,94862.80838907944,9.843921317947962e-07
M3.2,96392.8536856775,1.0972234993677494e-06
M3.2,97922.89898227555,1.2229876374263523e-06
M3.2,99452.9442788736,1.3631669046092745e-06
M3.2,100982.98957547167,1.5194135680164908e-06
M3.2,102513.03487206972,1.6935692781760453e-06
M3.2,104043.08016866777,1.887686776238265e-06
M3.2,105573.12546526582,2.104054089256102e-06
M3.2,107103.17076186389,2.345221498736899e-06
M3.2,108633.21605846194,2.6140316003389027e-06
M3.2,110163.26135505999,2.913652809020642e-06
M3.2,111693.30665165806,3.247616704562128e-06
M3.2,113223.35194825611,3.6198596576426307e-06
M3.2,114753.39724485416,4.034769227113997e-06
M3.2,116283.44254145223,4.497235875345435e-06
M3.2,117813.48783805028,5.012710611199124e-06
M3.2,119343.53313464833,5.587269240063644e-06
M3.2,120873.57843124638,6.227683978248579e-06
M3.2,122403.62372784445,6.941503275845765e-06
M3.2,123933.6690244425,7.737140788914671e-06
M3.2,125463.71432104055,8.623974549690488e-06
M3.2,126993.75961763861,9.612457503715927e-06
M3.2,128523.80491423667,1.0714240716777257e-05
M3.2,130053.85021083472,1.1942310703862219e-05
M3.2,131583.89550743278,1.3311142498810759e-05
M3.2,133113.94080403083,1.4836870268862011e-05
M3.2,134643.98610062888,1.653747748510006e-05
M3.2,136174.03139722694,1.8433008890302006e-05
M3.2,137704.076693825,2.054580676261447e-05
M3.2,139234.12199042307,2.2900774259854345e-05
M3.2,140764.16728702112,2.552566894842494e-05
M3.2,142294.21258361917,2.8451429976618156e-05
M3.2,143824.25788021722,3.171254274863397e-05
M3.2,145354.30317681527,3.534744539766286e-05
M3.2,146884.34847341332,3.939898184905326e-05
M3.2,148414.39377001137,4.391490681373727e-05
M3.2,149944.43906660946,4.894844866417717e-05
M3.2,151474.4843632075,5.4558936827348304e-05
M3.2,153004.52965980556,6.08125010897243e-05
M3.2,154534.5749564036,6.778285105684037e-05
M3.2,156064.62025300166,7.555214495478405e-05
M3.2,157594.6655495997,8.42119580140123e-05
M3.2,159124.71084619776,9.386436184965962e-05
M3.2,160654.75614279584,0.00010462312756078937
M3.2,162184.8014393939,0.00011661506672929949
M3.2,163714.84673599195,0.0001299815261245894
M3.2,165244.89203259,0.0001448800537317909
M3.2,166774.93732918805,0.0001614862557407364
M3.2,168304.9826257861,0.00017999586638364315
M3.2,169835.02792238415,0.00020062705501831476
M3.2,171365.07321898223,0.00022362299765001572
M3.2,172895.11851558028,0.0002492547432020757
M3.2,174425.16381217833,0.00027782440831942957
M3.2,175955.20910877638,0.0003096687383616386
M3.2,177485.25440537444,0.0003451630765581758
M3.2,179015.2997019725,0.0003847257881096587
M3.2,180545.34499857057,0.00042882319138110606
M3.2,182075.39029516862,0.0004779750543102732
M3.2,183605.43559176667,0.0005327607208162159
M3.2,185135.48088836472,0.0005938259394189349
M3.2,186665.52618496277,0.0006618904745577623
M3.2,188195.57148156082,0.0007377565903217085
M3.2,189725.61677815887,0.0008223185065879284
M3.2,191255.66207475695,0.0009165729390260432
M3.2,192785.707371355,0.0010216308472014283
M3.2,194315.75266795306,0.0011387305292501681
M3.2,195845.7979645511,0.0012692522174701938
M3.2,197375.84326114916,0.0014147343468641524
M3.2,198905.8885577472,0.001576891688388275
M3.2,200435.93385434526,0.0017576355606405587
M3.2,201965.97915094334,0.0019590963582196163
M3.2,203496.0244475414,0.002183648662291862
M3.2,205026.06974413944,0.0024339392293406046
M3.2,206556.1150407375,0.002712918187995267
M3.2,208086.16033733555,0.003023873811652012
M3.2,209616.2056339336,0.0033704712767441566
M3.2,211146.25093053165,0.0037567958634990573
M3.2,212676.29622712973,0.004187401108380657
M3.2,214206.34152372778,0.004667362475781724
M3.2,215736.38682032583,0.005202337181584141
M3.2,217266.43211692388,0.005798630873716285
M3.2,218796.47741352193,0.0064632719556591695
M3.2,220326.52271011999,0.007204094428938493
M3.2,221856.56800671807,0.008029830231052035
M3.2,223386.61330331612,0.00895021215720208
M3.2,224916.65859991417,0.009976088578952755
M3.2,226446.70389651222,0.011119551311979536
M3.2,227976.74919311027,0.012394078140064558
M3.2,229506.79448970832,0.013814691675241656
M3.2,231036.83978630637,0.01539813642654645
M3.2,232566.88508290445,0.01716307616444788
M3.2,234096.9303795025,0.0191303139072594
M3.2,235626.97567610056,0.021323037122468837
M3.2,237157.0209726986,0.023767091033129763
M3.2,238687.06626929666,0.026491283250726555
M3.2,240217.1115658947,0.02952772332516331
M3.2,241747.15686249276,0.03291220121409108
M3.2,243277.20215909084,0.03668460913252029
M3.2,244807.2474556889,0.040889411754982084
M3.2,246337.29275228694,0.04557617031242446
M3.2,247867.338048885,0.05080012676127654
M3.2,249397.38334548305,0.056622854910173256
M3.2,250927.4286420811,0.06311298617905214
M3.2,252457.47393867915,0.0703470185450075
M3.2,253987.51923527723,0.07841021820980092
M3.2,255517.56453187528,0.08739762461681368
M3.2,257047.60982847333,0.09741517066339091
M3.2,258577.65512507138,0.10858093131231314
M3.2,260107.70042166943,0.12102651531954758
M3.2,261637.74571826748,0.13489861648231888
M3.2,263167.79101486556,0.15036074269176752
M3.2,264697.8363114636,0.16759514317022806
M3.2,266227.88160806167,0.1868049566091104
M3.2,267757.9269046597,0.2082166055270904
M3.2,269287.97220125777,0.23208246507046704
M3.2,270818.0174978558,0.2586838377123409
M3.2,272348.0627944539,0.28833426891284913
M3.2,273878.1080910519,0.32138324282151726
M3.2,275408.15338765,0.3582203015823052
M3.2,276938.198684248,0.39927963679482265
M3.2,278468.24398084613,0.44504520725042146
M3.2,279998.2892774442,0.49605644326497444
M3.2,281528.33457404224,0.5529146048442561
M3.2,283058.3798706403,0.6162898686244437
M3.2,284588.42516723834,0.6869292271201972
M3.2,286118.4704638364,0.765665293387291
M3.2,287648.51576043444,0.8534261148787442
M3.2,289178.5610570325,0.9512461121685174
M3.2,290708.60635363054,1.0602782714755385
M3.2,292238.6516502286,1.1818077346990479
M3.2,293768.69694682665,1.3172669471485272
M3.2,295298.7422434247,1.4682525415116485
M3.2,296828.78754002275,1.6365441570685244
M3.2,298358.8328366208,1.8241254159708045
M3.2,299888.8781332189,2.0332073038291685
M3.2,301418.92342981696,2.266254230191818
M3.2,302948.968726415,2.5260130760841744
M3.2,304479.01402301306,2.8155455709874886
M4.1,0.0,2.86144578313253e-06
M4.1,1742.596908209185,2.565015858352789e-06
M4.1,3485.19381641837,2.2685859335730473e-06
M4.1,5227.7907246275545,1.972156008793306e-06
M4.1,6970.38763283674,1.6757260840135645e-06
M4.1,8712.984541045924,1.3792961592338232e-06
M4.1,10455.581449255109,1.0828662344540818e-06
M4.1,12198.178357464294,7.864363096743406e-07
M4.1,13940.77526567348,6.024096385542169e-07
M4.1,15683.372173882664,6.024096385542169e-07
M4.1,17425.969082091848,6.024096385542169e-07
M4.1,19168.565990301035,6.024096385542169e-07
M4.1,20911.162898510218,6.024096385542169e-07
M4.1,22653.759806719405,6.024096385542169e-07
M4.1,24396.35671492859,6.024096385542169e-07
M4.1,26138.953623137775,6.024096385542169e-07
M4.1,27881.55053134696,6.024096385542169e-07
M4.1,29624.14743955614,6.024096385542169e-07
M4.1,31366.74434776533,6.024096385542169e-07
M4.1,33109.34125597451,6.024096385542169e-07
M4.1,34851.938164183695,6.024096385542169e-07
M4.1,36594.535072392886,6.024096385542169e-07
M4.1,38337.13198060207,6.024096385542169e-07
M4.1,40079.72888881125,6.024096385542169e-07
M4.1,41822.325797020436,6.024096385542169e-07
M4.1,43564.92270522962,6.024096385542169e-07
M4.1,45307.51961343881,6.024096385542169e-07
M4.1,47050.11652164799,6.024096385542169e-07
M4.1,48792.71342985718,6.024096385542169e-07
M4.1,50535.31033806636,6.024096385542169e-07
M4.1,52277.90724627555,6.024096385542169e-07
M4.1,54020.50415448473,6.024096385542169e-07
M4.1,55763.10106269392,6.024096385542169e-07
M4.1,57505.6979709031,6.024096385542169e-07
M4.1,59248.29487911228,6.024096385542169e-07
M4.1,60990.891787321474,6.024096385542169e-07
M4.1,62733.48869553066,6.024096385542169e-07
M4.1,64476.08560373984,6.024096385542169e-07
M4.1,66218.68251194902,6.024096385542169e-07
M4.1,67961.27942015821,6.024096385542169e-07
M4.1,69703.87632836739,6.024096385542169e-07
M4.1,71446.47323657658,6.024096385542169e-07
M4.1,73189.07014478577,6.024096385542169e-07
M4.1,74931.66705299495,6.024096385542169e-07
M4.1,76674.26396120414,6.024096385542169e-07
M4.1,78416.86086941331,6.024096385542169e-07
M4.1,80159.4577776225,6.024096385542169e-07
M4.1,81902.0546858317,6.024096385542169e-07
M4.1,83644.65159404087,6.024096385542169e-07
M4.1,85387.24850225006,6.024096385542169e-07
M4.1,87129.84541045924,6.024096385542169e-07
M4.1,88872.44231866843,6.024096385542169e-07
M4.1,90615.03922687762,6.024096385542169e-07
M4.1,92357.6361350868,6.024096385542169e-07
M4.1,94100.23304329599,6.024096385542169e-07
M4.1,95842.82995150518,6.024096385542169e-07
M4.1,97585.42685971435,6.024096385542169e-07
M4.1,99328.02376792354,6.024096385542169e-07
M4.1,101070.62067613272,6.024096385542169e-07
M4.1,102813.21758434191,6.024096385542169e-07
M4.1,104555.8144925511,6.024096385542169e-07
M4.1,106298.41140076028,6.045331067363999e-07
M4.1,108041.00830896947,6.714450313088259e-07
M4.1,109783.60521717864,7.45763011232225e-07
M4.1,111526.20212538783,8.283067756686605e-07
M4.1,113268.79903359702,9.199867843874178e-07
M4.1,115011.3959418062,1.021814270158847e-06
M4.1,116753.99285001539,1.1349123926769074e-06
M4.1,118496.58975822457,1.260528627038445e-06
M4.1,120239.18666643376,1.4000485234244625e-06
M4.1,121981.78357464295,1.5550109897529813e-06
M4.1,123724.38048285212,1.7271252658715463e-06
M4.1,125466.97739106131,1.9182897765151613e-06
M4.1,127209.57429927049,2.1306130709781813e-06
M4.1,128952.17120747968,2.366437080465357e-06
M4.1,130694.76811568887,2.6283629496511014e-06
M4.1,132437.36502389805,2.9192797273697714e-06
M4.1,134179.96193210722,3.2423962328959935e-06
M4.1,135922.55884031643,3.6012764493008455e-06
M4.1,137665.1557485256,3.999878834273521e-06
M4.1,139407.75265673478,4.442599982007869e-06
M4.1,141150.349564944,4.934323117745399e-06
M4.1,142892.94647315316,5.480471959870799e-06
M4.1,144635.54338136234,6.087070543660287e-06
M4.1,146378.14028957154,6.760809666540176e-06
M4.1,148120.73719778072,7.509120687748341e-06
M4.1,149863.3341059899,8.340257496411068e-06
M4.1,151605.9310141991,9.263387552144821e-06
M4.1,153348.52792240828,1.0288693002363164e-05
M4.1,155091.12483061745,1.1427482991615397e-05
M4.1,156833.72173882663,1.2692318401731411e-05
M4.1,158576.31864703583,1.4097150398659886e-05
M4.1,160318.915555245,1.5657474314174684e-05
M4.1,162061.5124634542,1.7390500559768793e-05
M4.1,163804.1093716634,1.9315344457920063e-05
M4.1,165546.70627987257,2.145323708457204e-05
M4.1,167289.30318808174,2.382775944842856e-05
M4.1,169031.90009629095,2.6465102590064602e-05
M4.1,170774.49700450012,2.9394356469753363e-05
M4.1,172517.0939127093,3.264783083044993e-05
M4.1,174259.69082091848,3.626141157505737e-05
M4.1,176002.28772912768,4.027495658882602e-05
M4.1,177744.88463733686,4.473273537281619e-05
M4.1,179487.48154554603,4.968391733759362e-05
M4.1,181230.07845375524,5.51831141430472e-05
M4.1,182972.67536196442,6.12909820663521e-05
M4.1,184715.2722701736,6.807489104221213e-05
M4.1,186457.8691783828,7.560966775491056e-05
M4.1,188200.46608659197,8.397842097849325e-05
M4.1,189943.06299480115,9.327345826860892e-05
M4.1,191685.65990301035,0.00010359730411713728
M4.1,193428.25681121953,0.00011506383079987705
M4.1,195170.8537194287,0.00012779951439057354
M4.1,196913.45062763788,0.00014194482979514963
M4.1,198656.0475358471,0.00015765580019340173
M4.1,200398.64444405626,0.0001751057179785431
M4.1,202141.24135226544,0.00019448705617660075
M4.1,203883.83826047464,0.00021601359142866657
M4.1,205626.43516868382,0.00023992276195255004
M4.1,207369.032076893,0.0002664782864922127
M4.1,209111.6289851022,0.0002959730731420549
M4.1,210854.22589331138,0.0003287324501304611
M4.1,212596.82280152055,0.00036511775419823103
M4.1,214339.41970972973,0.00040553031615179515
M4.1,216082.01661793893,0.00045041588755196174
M4.1,217824.6135261481,0.0005002695573646894
M4.1,219567.2104343573,0.0005556412128046662
M4.1,221309.8073425665,0.0006171416046049269
M4.1,223052.40425077567,0.0006854490836125841
M4.1,224795.00115898484,0.0007613170830155051
M4.1,226537.59806719405,0.0008455824287290618
M4.1,228280.19497540322,0.0009391745696067278
M4.1,230022.7918836124,0.0010431258292840028
M4.1,231765.3887918216,0.0011585827927337077
M4.1,233507.98570003078,0.0012868189531266747
M4.1,235250.58260823996,0.0014292487584930233
M4.1,236993.17951644913,0.001587443213119009
M4.1,238735.77642465834,0.001763147205763278
M4.1,240478.37333286752,0.001958298755823144
M4.1,242220.9702410767,0.002175050389736633
M4.1,243963.5671492859,0.0024157928834024835
M4.1,245706.16405749507,0.0026831816324975923
M4.1,247448.76096570425,0.0029801659415572466
M4.1,249191.35787391345,0.003310021554877267
M4.1,250933.95478212263,0.0036763867880548503
M4.1,252676.5516903318,0.00408330265869988
M4.1,254419.14859854098,0.004535257458959389
M4.1,256161.7455067502,0.005037236261491286
M4.1,257904.34241495936,0.005594775904939396
M4.1,259646.93932316854,0.006214026065401099
M4.1,261389.53623137774,0.006901817087507208
M4.1,263132.13313958695,0.007665735323292643
M4.1,264874.7300477961,0.008514206809847607
M4.1,266617.3269560053,0.009456590208715763
M4.1,268359.92386421445,0.01050328003216295
M4.1,270102.52077242365,0.011665821294905768
M4.1,271845.11768063286,0.01295703685590976
M4.1,273587.714588842,0.014391168854842241
M4.1,275330.3114970512,0.015984035803226188
M4.1,277072.9084052604,0.01775320706301423
M4.1,278815.50531346956,0.01971819663708735
M4.1,280558.10222167877,0.021900678409190424
M4.1,282300.699129888,0.024324725207407756
M4.1,284043.2960380971,0.027017074328053496
M4.1,285785.8929463063,0.030007422448714228
M4.1,287528.48985451553,0.03332875318333812
M4.1,289271.0867627247,0.037017700892315826
M4.1,291013.6836709339,0.041114954760384556
M4.1,292756.2805791431,0.045665707599343824
M4.1,294498.87748735223,0.05072015432589188
M4.1,296241.47439556144,0.05633404561280145
M4.1,297984.07130377064,0.06256930282022365
M4.1,299726.6682119798,0.06949470098982534
M4.1,301469.265120189,0.07718662743520727
M4.1,303211.8620283982,0.08572992429586454
M4.1,304954.45893660735,0.09521882434809228
M4.1,306697.05584481655,0.10575799039484597
M4.1,308439.6527530257,0.11746366969905085
M4.1,310182.2496612349,0.130464976193801
M4.1,311924.8465694441,0.1449053146122383
M4.1,313667.44347765326,0.1609439622453206
M4.1,315410.04038586246,0.17875782577429003
M4.1,317152.63729407167,0.1985433925557566
M4.1,318895.2342022808,0.22051889788211165
M4.1,320637.83111049,0.24492673212222488
M4.1,322380.4280186992,0.2720361142932149
M4.1,324123.0249269084,0.30214606155289336
M4.1,325865.6218351176,0.33558868736643505
M4.1,327608.2187433268,0.37273286472612654
M4.1,329350.81565153593,0.41398829482963206
M4.1,331093.41255974513,0.4598100260943615
M4.1,332836.00946795434,0.5107034733528049
M4.1,334578.6063761635,0.5672299925906631
M4.1,336321.2032843727,0.6300130727173149
M4.1,338063.8001925819,0.6997452126639272
M4.1,339806.39710079104,0.7771955596638618
M4.1,341548.99400900025,0.8632183929657435
M4.1,343291.59091720945,0.958762546554737
M4.1,345034.1878254186,1.0648818748149675
M4.1,346776.7847336278,1.1827468765695053
M4.2,0.0,2.486910994764398e-06
M4.2,2002.197812226586,2.2296455073925572e-06
M4.2,4004.395624453172,1.972380020020716e-06
M4.2,6006.593436679757,1.7151145326488758e-06
M4.2,8008.791248906344,1.4578490452770348e-06
M4.2,10010.98906113293,1.2005835579051944e-06
M4.2,12013.186873359515,9.433180705333537e-07
M4.2,14015.384685586101,6.860525831615129e-07
M4.2,16017.582497812688,5.235602094240838e-07
M4.2,18019.780310039274,5.235602094240838e-07
M4.2,20021.97812226586,5.235602094240838e-07
M4.2,22024.175934492447,5.235602094240838e-07
M4.2,24026.37374671903,5.235602094240838e-07
M4.2,26028.571558945616,5.235602094240838e-07
M4.2,28030.769371172202,5.235602094240838e-07
M4.2,30032.96718339879,5.235602094240838e-07
M4.2,32035.164995625375,5.235602094240838e-07
M4.2,34037.36280785196,5.235602094240838e-07
M4.2,36039.56062007855,5.235602094240838e-07
M4.2,38041.758432305134,5.235602094240838e-07
M4.2,40043.95624453172,5.235602094240838e-07
M4.2,42046.15405675831,5.235602094240838e-07
M4.2,44048.35186898489,5.235602094240838e-07
M4.2,46050.54968121148,5.235602094240838e-07
M4.2,48052.74749343806,5.235602094240838e-07
M4.2,50054.945305664645,5.235602094240838e-07
M4.2,52057.14311789123,5.235602094240838e-07
M4.2,54059.34093011782,5.235602094240838e-07
M4.2,56061.538742344404,5.235602094240838e-07
M4.2,58063.73655457099,5.235602094240838e-07
M4.2,60065.93436679758,5.235602094240838e-07
M4.2,62068.13217902416,5.235602094240838e-07
M4.2,64070.32999125075,5.235602094240838e-07
M4.2,66072.52780347734,5.235602094240838e-07
M4.2,68074.72561570392,5.235602094240838e-07
M4.2,70076.92342793051,5.235602094240838e-07
M4.2,72079.1212401571,5.235602094240838e-07
M4.2,74081.31905238368,5.235602094240838e-07
M4.2,76083.51686461027,5.235602094240838e-07
M4.2,78085.71467683685,5.235602094240838e-07
M4.2,80087.91248906344,5.235602094240838e-07
M4.2,82090.11030129003,5.235602094240838e-07
M4.2,84092.30811351661,5.235602094240838e-07
M4.2,86094.5059257432,5.235602094240838e-07
M4.2,88096.70373796979,5.235602094240838e-07
M4.2,90098.90155019637,5.235602094240838e-07
M4.2,92101.09936242296,5.235602094240838e-07
M4.2,94103.29717464955,5.235602094240838e-07
M4.2,96105.49498687612,5.235602094240838e-07
M4.2,98107.6927991027,5.235602094240838e-07
M4.2,100109.89061132929,5.235602094240838e-07
M4.2,102112.08842355588,5.235602094240838e-07
M4.2,104114.28623578246,5.235602094240838e-07
M4.2,106116.48404800905,5.235602094240838e-07
M4.2,108118.68186023564,5.235602094240838e-07
M4.2,110120.87967246222,5.235602094240838e-07
M4.2,112123.07748468881,5.235602094240838e-07
M4.2,114125.2752969154,5.235602094240838e-07
M4.2,116127.47310914198,5.235602094240838e-07
M4.2,118129.67092136857,5.235602094240838e-07
M4.2,120131.86873359515,5.235602094240838e-07
M4.2,122134.06654582174,5.235602094240838e-07
M4.2,124136.26435804833,5.782075535290589e-07
M4.2,126138.46217027491,6.421102410332558e-07
M4.2,128140.6599825015,7.13075363895371e-07
M4.2,130142.85779472809,7.918834525615067e-07
M4.2,132145.05560695467,8.794013006074676e-07
M4.2,134147.25341918124,9.76591498418812e-07
M4.2,136149.45123140785,1.0845230205198582e-06
M4.2,138151.64904363442,1.204382982999412e-06
M4.2,140153.84685586102,1.3374897003507227e-06
M4.2,142156.0446680876,1.485307185335028e-06
M4.2,144158.2424803142,1.6494612513497215e-06
M4.2,146160.44029254076,1.831757394407606e-06
M4.2,148162.63810476736,2.034200651407447e-06
M4.2,150164.83591699394,2.2590176531126828e-06
M4.2,152167.03372922054,2.508681114394446e-06
M4.2,154169.2315414471,2.7859370311018227e-06
M4.2,156171.4293536737,3.0938348826921043e-06
M4.2,158173.62716590028,3.4357611728133235e-06
M4.2,160175.82497812688,3.815476676744928e-06
M4.2,162178.02279035345,4.2371578053732925e-06
M4.2,164180.22060258006,4.7054425406558725e-06
M4.2,166182.41841480663,5.225481447808224e-06
M4.2,168184.61622703323,5.802994325286545e-06
M4.2,170186.8140392598,6.444333115646671e-06
M4.2,172189.0118514864,7.156551769222978e-06
M4.2,174191.20966371297,7.947483829043052e-06
M4.2,176193.40747593957,8.825828590318265e-06
M4.2,178195.60528816615,9.801246782160272e-06
M4.2,180197.80310039275,1.0884466823906816e-05
M4.2,182200.00091261932,1.2087402824747144e-05
M4.2,184202.19872484592,1.3423285624500893e-05
M4.2,186204.3965370725,1.4906808316839692e-05
M4.2,188206.5943492991,1.655428785553115e-05
M4.2,190208.79216152566,1.838384452117814e-05
M4.2,192210.98997375224,2.04156012223703e-05
M4.2,194213.18778597884,2.267190482331913e-05
M4.2,196215.3855982054,2.5177571932312802e-05
M4.2,198217.583410432,2.79601618543661e-05
M4.2,200219.78122265858,3.105027971021403e-05
M4.2,202221.97903488518,3.448191305559202e-05
M4.2,204224.17684711175,3.8292805703205364e-05
M4.2,206226.37465933835,4.252487285897953e-05
M4.2,208228.57247156493,4.722466213858551e-05
M4.2,210230.77028379153,5.2443865534865e-05
M4.2,212232.9680960181,5.823988796717688e-05
M4.2,214235.1659082447,6.467647866602006e-05
M4.2,216237.36372047127,7.182443233739796e-05
M4.2,218239.56153269787,7.976236781888676e-05
M4.2,220241.75934492445,8.85775927916767e-05
M4.2,222243.95715715105,9.836706405937791e-05
M4.2,224246.15496937762,0.00010923845395549041
M4.2,226248.35278160422,0.00012131133460873254
M4.2,228250.5505938308,0.00013471849309171
M4.2,230252.7484060574,0.0001496073919179744
M4.2,232254.94621828396,0.000166141790951161
M4.2,234257.14403051056,0.00018450354856525676
M4.2,236259.34184273714,0.00020489462186656476
M4.2,238261.53965496374,0.00022753928797740217
M4.2,240263.7374671903,0.00025268661081294977
M4.2,242265.9352794169,0.0002806131804828206
M4.2,244268.13309164348,0.00031162615544744286
M4.2,246270.33090387008,0.00034606664088930556
M4.2,248272.52871609665,0.00038431344045704075
M4.2,250274.72652832326,0.0004267872226470115
M4.2,252276.92434054983,0.0004739551476475372
M4.2,254279.12215277643,0.0005263360055354547
M4.2,256281.319965003,0.0005845059223389526
M4.2,258283.51777722957,0.0006491046967264638
M4.2,260285.71558945617,0.000720842837017523
M4.2,262287.91340168274,0.0008005093759141902
M4.2,264290.11121390935,0.0008889805489056275
M4.2,266292.30902613595,0.000987229431797765
M4.2,268294.5068383625,0.0010963366433692353
M4.2,270296.7046505891,0.0012175022308698227
M4.2,272298.9024628157,0.0013520588690874985
M4.2,274301.1002750423,0.001501486518157869
M4.2,276303.29808726883,0.0016674287013341074
M4.2,278305.49589949544,0.0018517105817532455
M4.2,280307.69371172204,0.002056359037021216
M4.2,282309.89152394864,0.002283624952412953
M4.2,284312.0893361752,0.0025360079778856473
M4.2,286314.2871484018,0.0028162840212023928
M4.2,288316.4849606284,0.003127535779557215
M4.2,290318.682772855,0.0034731866455125645
M4.2,292320.8805850815,0.0038570383601733292
M4.2,294323.0783973081,0.004283312827736939
M4.2,296325.2762095347,0.004756698551328736
M4.2,298327.4740217613,0.00528240220086079
M4.2,300329.6718339879,0.005866205880098126
M4.2,302331.8696462145,0.006514530722800756
M4.2,304334.0674584411,0.007234507517421972
M4.2,306336.2652706677,0.008034055137149417
M4.2,308338.4630828942,0.008921967637923998
M4.2,310340.6608951208,0.009908010982409935
M4.2,312342.8587073474,0.011003030453761864
M4.2,314345.056519574,0.012219069940611256
M4.2,316347.25433180056,0.013569504405261588
M4.2,318349.45214402716,0.015069186992083228
M4.2,320351.64995625376,0.01673461239412102
M4.2,322353.8477684803,0.018584098274750584
M4.2,324356.0455807069,0.020637986739801512
M4.2,326358.2433929335,0.02291886807609668
M4.2,328360.4412051601,0.02545182921726092
M4.2,330362.63901738665,0.028264729669622523
M4.2,332364.83682961325,0.031388507933058425
M4.2,334367.03464183985,0.03485752178704018
M4.2,336369.23245406646,0.0387099261846179
M4.2,338371.430266293,0.04298809291071517
M4.2,340373.6280785196,0.04773907662047193
M4.2,342375.8258907462,0.05301513238348898
M4.2,344378.0237029728,0.058874290426337704
M4.2,346380.22151519934,0.06538099439480541
M4.2,348382.41932742595,0.07260681015598777
M4.2,350384.61713965255,0.08063121293619384
M4.2,352386.81495187915,0.08954246145222883
M4.2,354389.0127641057,0.09943856865043876
M4.2,356391.2105763323,0.11042837973047365
M4.2,358393.4083885589,0.12263276931072274
M4.2,360395.6062007855,0.13618597090279375
M4.2,362397.80401301204,0.15123705331764736
M4.2,364400.00182523864,0.1679515602420673
M4.2,366402.19963746524,0.18651333101881581
M4.2,368404.39744969184,0.20712652265686562
M4.2,370406.5952619184,0.23001785531135546
M4.2,372408.793074145,0.2554391059308507
M4.2,374410.9908863716,0.2836698774989888
M4.2,376413.1886985982,0.31502067432883407
M4.2,378415.3865108247,0.3498363172344483
M4.2,380417.5843230513,0.3884997361424286
M4.2,382419.7821352779,0.43143618185754906
M4.2,384421.9799475045,0.4791179033068361
M4.2,386424.1777597311,0.5320693417061005
M4.2,388426.3755719577,0.5908728987784475
M4.2,390428.5733841843,0.656175342468231
M4.2,392430.7711964108,0.7286949206054935
M4.2,394432.9690086374,0.8092292607626548
M4.2,396435.166820864,0.8986641431922394
M4.2,398437.3646330906,0.9979832433373977
M5,0.0,1.958762886597938e-06
M5,2715.837370653874,1.7422810045711123e-06
M5,5431.674741307748,1.525799122544286e-06
M5,8147.512111961622,1.3093172405174602e-06
M5,10863.349482615497,1.0928353584906342e-06
M5,13579.18685326937,8.763534764638083e-07
M5,16295.024223923245,6.598715944369825e-07
M5,19010.86159457712,4.4338971241015634e-07
M5,21726.698965230993,4.1237113402061855e-07
M5,24442.536335884866,4.1237113402061855e-07
M5,27158.37370653874,4.1237113402061855e-07
M5,29874.211077192616,4.1237113402061855e-07
M5,32590.04844784649,4.1237113402061855e-07
M5,35305.88581850036,4.1237113402061855e-07
M5,38021.72318915424,4.1237113402061855e-07
M5,40737.56055980811,4.1237113402061855e-07
M5,43453.397930461986,4.1237113402061855e-07
M5,46169.23530111586,4.1237113402061855e-07
M5,48885.07267176973,4.1237113402061855e-07
M5,51600.91004242361,4.1237113402061855e-07
M5,54316.74741307748,4.1237113402061855e-07
M5,57032.584783731356,4.1237113402061855e-07
M5,59748.42215438523,4.1237113402061855e-07
M5,62464.2595250391,4.1237113402061855e-07
M5,65180.09689569298,4.1237113402061855e-07
M5,67895.93426634686,4.1237113402061855e-07
M5,70611.77163700073,4.1237113402061855e-07
M5,73327.6090076546,4.1237113402061855e-07
M5,76043.44637830848,4.1237113402061855e-07
M5,78759.28374896235,4.1237113402061855e-07
M5,81475.12111961622,4.1237113402061855e-07
M5,84190.9584902701,4.1237113402061855e-07
M5,86906.79586092397,4.1237113402061855e-07
M5,89622.63323157784,4.1237113402061855e-07
M5,92338.47060223173,4.1237113402061855e-07
M5,95054.3079728856,4.1237113402061855e-07
M5,97770.14534353947,4.1237113402061855e-07
M5,100485.98271419335,4.1237113402061855e-07
M5,103201.82008484722,4.1237113402061855e-07
M5,105917.65745550109,4.1237113402061855e-07
M5,108633.49482615496,4.1237113402061855e-07
M5,111349.33219680884,4.1237113402061855e-07
M5,114065.16956746271,4.1237113402061855e-07
M5,116781.00693811658,4.1237113402061855e-07
M5,119496.84430877047,4.1237113402061855e-07
M5,122212.68167942434,4.1237113402061855e-07
M5,124928.5190500782,4.1237113402061855e-07
M5,127644.35642073209,4.1237113402061855e-07
M5,130360.19379138596,4.1237113402061855e-07
M5,133076.03116203984,4.1237113402061855e-07
M5,135791.8685326937,4.1237113402061855e-07
M5,138507.70590334758,4.1237113402061855e-07
M5,141223.54327400145,4.1237113402061855e-07
M5,143939.38064465532,4.1237113402061855e-07
M5,146655.2180153092,4.1237113402061855e-07
M5,149371.0553859631,4.1237113402061855e-07
M5,152086.89275661696,4.1237113402061855e-07
M5,154802.73012727083,4.1237113402061855e-07
M5,157518.5674979247,4.537447364651367e-07
M5,160234.40486857857,5.075159195879465e-07
M5,162950.24223923244,5.676592760982683e-07
M5,165666.07960988634,6.349299426942809e-07
M5,168381.9169805402,7.101725438200629e-07
M5,171097.75435119407,7.943317964430943e-07
M5,173813.59172184794,8.88464371554726e-07
M5,176529.4290925018,9.937521613220283e-07
M5,179245.26646315568,1.1115171184682365e-06
M5,181961.10383380955,1.2432378541993178e-06
M5,184676.94120446345,1.3905682030737836e-06
M5,187392.77857511732,1.5553579879090776e-06
M5,190108.6159457712,1.7396762454406663e-06
M5,192824.45331642506,1.9458372043462026e-06
M5,195540.29068707893,2.17642934180478e-06
M5,198256.1280577328,2.434347883414208e-06
M5,200971.9654283867,2.7228311545226284e-06
M5,203687.80279904057,3.045501239387791e-06
M5,206403.64016969444,3.4064094586646205e-06
M5,209119.4775403483,3.8100872362187374e-06
M5,211835.31491100218,4.2616029939301025e-06
M5,214551.15228165605,4.766625788835702e-06
M5,217266.98965230992,5.331496491614825e-06
M5,219982.82702296381,5.963307400106252e-06
M5,222698.66439361768,6.669991287453913e-06
M5,225414.50176427155,7.460421002935106e-06
M5,228130.33913492542,8.3445208760207e-06
M5,230846.1765055793,9.333391322413391e-06
M5,233562.01387623316,1.0439448216569562e-05
M5,236277.85124688706,1.1676578780611677e-05
M5,238993.68861754093,1.3060315946912498e-05
M5,241709.5259881948,1.460803338357997e-05
M5,244425.36335884867,1.633916363150728e-05
M5,247141.20072950254,1.8275442091832357e-05
M5,249857.0381001564,2.044117992721932e-05
M5,252572.8754708103,2.2863569303403906e-05
M5,255288.71284146418,2.557302480349836e-05
M5,258004.55021211805,2.860356530172127e-05
M5,260720.38758277192,3.1993241091210604e-05
M5,263436.2249534258,3.5784611628772485e-05
M5,266152.0623240797,4.002527989494248e-05
M5,268867.89969473355,4.476849007857844e-05
M5,271583.7370653874,5.0073796090281065e-05
M5,274299.5744360413,5.600780929823735e-05
M5,277015.41180669516,6.264503487476873e-05
M5,279731.24917734903,7.006880725442881e-05
M5,282447.0865480029,7.837233644889742e-05
M5,285162.9239186568,8.765987835579925e-05
M5,287878.76128931064,9.804804375538867e-05
M5,290594.5986599645,0.00010966726243035683
M5,293310.4360306184,0.00012266342079168496
M5,296026.2734012723,0.00013719969357193525
M5,298742.1107719262,0.0001534585925840163
M5,301457.94814258005,0.0001716442582688407
M5,304173.7855132339,0.00019198502280366394
M5,306889.6228838878,0.00021473627695249467
M5,309605.46025454166,0.00024018367665364857
M5,312321.2976251955,0.0002686467296051075
M5,315037.1349958494,0.00030048280687947163
M5,317752.97236650327,0.0003360916299367801
M5,320468.80973715713,0.0003759202893723978
M5,323184.647107811,0.0004204688584134321
M5,325900.4844784649,0.00047029667164454904
M5,328616.32184911874,0.0005260293477964625
M5,331332.1592197727,0.0005883666447724898
M5,334047.99659042654,0.0006580912455378495
M5,336763.8339610804,0.0007360785851839421
M5,339479.6713317343,0.0008233078425524096
M5,342195.50870238815,0.0009208742344255462
M5,344911.346073042,0.001030002766644184
M5,347627.1834436959,0.0011520636148067299
M5,350343.02081434976,0.0012885893276634742
M5,353058.8581850036,0.001441294069205342
M5,355774.6955556575,0.0016120951410432613
M5,358490.53292631137,0.0018031370553048688
M5,361206.37029696524,0.0020168184602984726
M5,363922.2076676191,0.0022558222570124957
M5,366638.04503827303,0.002523149284581557
M5,369353.8824089269,0.002822155997660739
M5,372069.7197795808,0.0031565966087707537
M5,374785.55715023464,0.003530670224736748
M5,377501.3945208885,0.003949073569047851
M5,380217.2318915424,0.0044170599520987845
M5,382933.06926219625,0.00494050522972127
M5,385648.9066328501,0.005525981578154793
M5,388364.744003504,0.006180840011746932
M5,391080.58137415786,0.0069133026794432695
M5,393796.41874481173,0.0077325660989062545
M5,396512.2561154656,0.008648916624430136
M5,399228.09348611947,0.009673859598422922
M5,401943.9308567734,0.01082026380803103
M5,404659.76822742727,0.012102523060648183
M5,407375.60559808114,0.013536736906988034
M5,410091.442968735,0.015140912780809732
M5,412807.2803393889,0.016935192093283855
M5,415523.11771004274,0.018942103120752868
M5,418238.9550806966,0.02118684386104665
M5,420954.7924513505,0.023697598409786764
M5,423670.62982200435,0.026505890828979084
M5,426386.4671926582,0.02964698095093075
M5,429102.3045633121,0.03316030708705322
M5,431818.14193396596,0.037089981200030084
M5,434533.97930461983,0.041485342756541664
M5,437249.81667527376,0.046401578214506085
M5,439965.65404592763,0.051900413922876296
M5,442681.4914165815,0.05805089113378067
M5,445397.32878723537,0.06493023285775167
M5,448113.16615788924,0.07262481344594794
M5,450829.0035285431,0.08123124307306476
M5,453544.840899197,0.09085758073728334
M5,456260.67826985085,0.10162469100721229
M5,458976.5156405047,0.1136677615506157
M5,461692.3530111586,0.12713800049842927
M5,464408.19038181246,0.14220453495550556
M5,467124.0277524663,0.1590565344950618
M5,469839.86512312025,0.17790558629859868
M5,472555.7024937741,0.1989883517626293
M5,475271.539864428,0.22256953792754317
M5,477987.37723508186,0.2489452210367195
M5,480703.21460573573,0.2784465639552008
M5,483419.0519763896,0.31144397412240893
M5,486134.88934704347,0.348351754244545
M5,488850.72671769734,0.38963330411895286
M5,491566.5640883512,0.4358069389025613
M5,494282.4014590051,0.48745239687631065
M5,496998.23882965895,0.5452181184145544
M5,499714.0762003128,0.6098293875513272
M5,502429.9135709667,0.6820974383658671
M5,505145.7509416206,0.7629296405236329
M5,507861.5883122745,0.8533408918584857
M5,510577.42568292835,0.954466361036967
M5,513293.2630535822,1.067575740296564
M5,516009.1004242361,1.1940891872098307
M5,518724.93779488996,1.3355951556330228
M5,521440.77516554383,1.4938703397177189
M5,524156.6125361977,1.6709019813946648
M5,526872.4499068516,1.868912821414056
M5,529588.2872775055,2.0903890072177993
M5,532304.1246481594,2.3381113080442115
M5,535019.9620188132,2.615190029189915
M5,537735.7993894671,2.9251040637989383
M5,540451.636760121,3.271744572498027
