station,ttf_scale_seconds,refm_mttf,refw_shape,refw_scale
M1.1,72800.0,89922.18055555556,3.943919826906469,96337.98954666109
M1.2,112800.0,142690.86842105264,5.060924210480849,150584.66467178374
M2.1,186400.0,241331.36538461538,5.60439960771131,251475.88497450674
M2.2,186400.0,238200.0344827586,6.222340344054173,251168.12969002416
M3.1,132800.0,160250.3652173913,4.2559700732604036,170855.79877476185
M3.2,112800.0,144069.36956521738,6.779832637729361,152239.50701150653
M4.1,132800.0,161690.5747126437,5.024844608118783,173388.3923668139
M4.2,152800.0,190881.69811320756,4.439334445159584,199218.6823165453
M5,194000.0,258919.7906976744,10.360641406309457,270225.8183800605
