system,seed,kpi,value
GroundSim,1000,avg_breakdown_repair,2203.7894736842104
GroundSim,1000,buffer_time_mean,15.060686279406623
GroundSim,1000,buffer_wait_mean,752.3824484291493
GroundSim,1000,cycle_time_mean,558.5203036811348
GroundSim,1000,cycle_time_std,345.4789935409976
GroundSim,1000,fe_cycle,66.12574432342304
GroundSim,1000,fe_system,28.17338718772651
GroundSim,1000,inline_wait_mean,189.19459567454174
GroundSim,1000,multi_rework_rate,6.340842115778432
GroundSim,1000,n_breakdowns,95.0
GroundSim,1000,n_buffer_events,251019.0
GroundSim,1000,n_valid,40042.0
GroundSim,1000,processing_mean,369.32570800659306
GroundSim,1000,rework_rate,17.35927276359822
GroundSim,1000,system_time_mean,1310.9027521102842
GroundSim,1000,tech_availability,99.13148811894331
GroundSim,1001,avg_breakdown_repair,2825.696629213483
GroundSim,1001,buffer_time_mean,15.093478205422501
GroundSim,1001,buffer_wait_mean,768.8183232586018
GroundSim,1001,cycle_time_mean,585.5169229984441
GroundSim,1001,cycle_time_std,653.380932464902
GroundSim,1001,fe_cycle,63.28544130816547
GroundSim,1001,fe_system,27.3600624127321
GroundSim,1001,inline_wait_mean,214.96995434488738
GroundSim,1001,multi_rework_rate,6.570255311551508
GroundSim,1001,n_breakdowns,89.0
GroundSim,1001,n_buffer_events,246087.0
GroundSim,1001,n_valid,39207.0
GroundSim,1001,processing_mean,370.54696865355675
GroundSim,1001,rework_rate,17.968730073711328
GroundSim,1001,system_time_mean,1354.335246257046
GroundSim,1001,tech_availability,98.9567278972521
GroundSim,1002,avg_breakdown_repair,2042.3085106382978
GroundSim,1002,buffer_time_mean,15.082887767028922
GroundSim,1002,buffer_wait_mean,749.4049886846883
GroundSim,1002,cycle_time_mean,566.1755241103181
GroundSim,1002,cycle_time_std,402.5623612315636
GroundSim,1002,fe_cycle,65.47350482402113
GroundSim,1002,fe_system,28.177291734371995
GroundSim,1002,inline_wait_mean,195.48056501952203
GroundSim,1002,multi_rework_rate,6.585262739051504
GroundSim,1002,n_breakdowns,94.0
GroundSim,1002,n_buffer_events,252262.0
GroundSim,1002,n_valid,40211.0
GroundSim,1002,processing_mean,370.69495909079603
GroundSim,1002,rework_rate,17.689189525254285
GroundSim,1002,system_time_mean,1315.5805127950064
GroundSim,1002,tech_availability,99.20359999336253
GroundSim,1003,avg_breakdown_repair,2040.3469387755101
GroundSim,1003,buffer_time_mean,15.068485675306958
GroundSim,1003,buffer_wait_mean,747.6413245690189
GroundSim,1003,cycle_time_mean,561.5274463599156
GroundSim,1003,cycle_time_std,351.6612999170829
GroundSim,1003,fe_cycle,65.95601135596071
GroundSim,1003,fe_system,28.289790782680253
GroundSim,1003,inline_wait_mean,191.16634007193352
GroundSim,1003,multi_rework_rate,6.359915664144859
GroundSim,1003,n_breakdowns,98.0
GroundSim,1003,n_buffer_events,252780.0
GroundSim,1003,n_valid,40315.0
GroundSim,1003,processing_mean,370.3611062879821
GroundSim,1003,rework_rate,17.683244449956593
GroundSim,1003,system_time_mean,1309.1687709289347
GroundSim,1003,tech_availability,99.17050809770343
GroundSim,1004,avg_breakdown_repair,1893.9130434782608
GroundSim,1004,buffer_time_mean,15.084093662685754
GroundSim,1004,buffer_wait_mean,745.1672971836906
GroundSim,1004,cycle_time_mean,563.7157233637465
GroundSim,1004,cycle_time_std,384.7247429346254
GroundSim,1004,fe_cycle,65.70800831902126
GroundSim,1004,fe_system,28.299425432882447
GroundSim,1004,inline_wait_mean,193.30934896026505
GroundSim,1004,multi_rework_rate,6.460945033751206
GroundSim,1004,n_breakdowns,92.0
GroundSim,1004,n_buffer_events,253738.0
GroundSim,1004,n_valid,40443.0
GroundSim,1004,processing_mean,370.40637440348144
GroundSim,1004,rework_rate,17.77068961254111
GroundSim,1004,system_time_mean,1308.8830205474371
GroundSim,1004,tech_availability,99.27718040621266
GroundSim,1005,avg_breakdown_repair,1986.9247311827958
GroundSim,1005,buffer_time_mean,15.077564802860264
GroundSim,1005,buffer_wait_mean,746.7979193564406
GroundSim,1005,cycle_time_mean,558.0664167246002
GroundSim,1005,cycle_time_std,386.44664112779236
GroundSim,1005,fe_cycle,66.30589575872918
GroundSim,1005,fe_system,28.357809030877455
GroundSim,1005,inline_wait_mean,188.03548018671168
GroundSim,1005,multi_rework_rate,6.505114708511273
GroundSim,1005,n_breakdowns,93.0
GroundSim,1005,n_buffer_events,252682.0
GroundSim,1005,n_valid,40276.0
GroundSim,1005,processing_mean,370.0309365378886
GroundSim,1005,rework_rate,17.747541960472738
GroundSim,1005,system_time_mean,1304.8643360810408
GroundSim,1005,tech_availability,99.23343953272268
GroundSim,1006,avg_breakdown_repair,2124.088888888889
GroundSim,1006,buffer_time_mean,15.085016626135292
GroundSim,1006,buffer_wait_mean,747.4175145168495
GroundSim,1006,cycle_time_mean,567.2739341902824
GroundSim,1006,cycle_time_std,418.4441033663617
GroundSim,1006,fe_cycle,65.30386148209504
GroundSim,1006,fe_system,28.177849986927
GroundSim,1006,inline_wait_mean,196.8221499826294
GroundSim,1006,multi_rework_rate,6.640528065908978
GroundSim,1006,n_breakdowns,90.0
GroundSim,1006,n_buffer_events,252846.0
GroundSim,1006,n_valid,40298.0
GroundSim,1006,processing_mean,370.45178420765296
GroundSim,1006,rework_rate,17.76018660975731
GroundSim,1006,system_time_mean,1314.691448707132
GroundSim,1006,tech_availability,99.20695606000265
GroundSim,1007,avg_breakdown_repair,2146.747252747253
GroundSim,1007,buffer_time_mean,15.07825137696621
GroundSim,1007,buffer_wait_mean,748.0019351957525
GroundSim,1007,cycle_time_mean,558.9531831489109
GroundSim,1007,cycle_time_std,349.67414574666094
GroundSim,1007,fe_cycle,66.25642661355387
GroundSim,1007,fe_system,28.336275699064732
GroundSim,1007,inline_wait_mean,188.61077755172929
GroundSim,1007,multi_rework_rate,6.495310871830497
GroundSim,1007,n_breakdowns,91.0
GroundSim,1007,n_buffer_events,252823.0
GroundSim,1007,n_valid,40306.0
GroundSim,1007,processing_mean,370.34240559718154
GroundSim,1007,rework_rate,17.652458691013745
GroundSim,1007,system_time_mean,1306.9551183446633
GroundSim,1007,tech_availability,99.1895908004779
GroundSim,1008,avg_breakdown_repair,1686.4673913043478
GroundSim,1008,buffer_time_mean,15.054695310785437
GroundSim,1008,buffer_wait_mean,735.3156868004585
GroundSim,1008,cycle_time_mean,556.3560925650467
GroundSim,1008,cycle_time_std,303.01970565005814
GroundSim,1008,fe_cycle,66.33260294148651
GroundSim,1008,fe_system,28.57114970826598
GroundSim,1008,inline_wait_mean,187.31061474310516
GroundSim,1008,multi_rework_rate,6.383964495598528
GroundSim,1008,n_breakdowns,92.0
GroundSim,1008,n_buffer_events,256988.0
GroundSim,1008,n_valid,41009.0
GroundSim,1008,processing_mean,369.0454778219415
GroundSim,1008,rework_rate,17.223048599088006
GroundSim,1008,system_time_mean,1291.6717793655052
GroundSim,1008,tech_availability,99.35635288065843
GroundSim,1009,avg_breakdown_repair,1491.701030927835
GroundSim,1009,buffer_time_mean,15.069106881405563
GroundSim,1009,buffer_wait_mean,735.6694729136163
GroundSim,1009,cycle_time_mean,551.3450951683748
GroundSim,1009,cycle_time_std,258.6367376666876
GroundSim,1009,fe_cycle,67.09400790170116
GroundSim,1009,fe_system,28.74245023264918
GroundSim,1009,inline_wait_mean,181.42557345046365
GroundSim,1009,multi_rework_rate,6.408003904343581
GroundSim,1009,n_breakdowns,97.0
GroundSim,1009,n_buffer_events,256968.0
GroundSim,1009,n_valid,40980.0
GroundSim,1009,processing_mean,369.91952171791115
GroundSim,1009,rework_rate,17.5378233284529
GroundSim,1009,system_time_mean,1287.0145680819912
GroundSim,1009,tech_availability,99.3997452874021
GroundSim-DEC,1000,avg_breakdown_repair,2152.2473118279568
GroundSim-DEC,1000,buffer_time_mean,15.068181252024013
GroundSim-DEC,1000,buffer_wait_mean,750.7500186832075
GroundSim-DEC,1000,cycle_time_mean,564.2074085145605
GroundSim-DEC,1000,cycle_time_std,535.4206272790611
GroundSim-DEC,1000,fe_cycle,65.56739557961512
GroundSim-DEC,1000,fe_system,28.132933871371563
GroundSim-DEC,1000,inline_wait_mean,194.27130508432353
GroundSim-DEC,1000,multi_rework_rate,6.534140447898762
GroundSim-DEC,1000,n_breakdowns,93.0
GroundSim-DEC,1000,n_buffer_events,251715.0
GroundSim-DEC,1000,n_valid,40143.0
GroundSim-DEC,1000,processing_mean,369.9361034302369
GroundSim-DEC,1000,rework_rate,17.365418628403457
GroundSim-DEC,1000,system_time_mean,1314.957427197768
GroundSim-DEC,1000,tech_availability,99.16965767290587
GroundSim-DEC,1001,avg_breakdown_repair,1660.032967032967
GroundSim-DEC,1001,buffer_time_mean,15.09836710603974
GroundSim-DEC,1001,buffer_wait_mean,739.5749557348023
GroundSim-DEC,1001,cycle_time_mean,557.1847826086956
GroundSim-DEC,1001,cycle_time_std,354.4449643108873
GroundSim-DEC,1001,fe_cycle,66.6441839080825
GroundSim-DEC,1001,fe_system,28.635316184625953
GroundSim-DEC,1001,inline_wait_mean,185.85353137910684
GroundSim-DEC,1001,multi_rework_rate,6.6963407436553215
GroundSim-DEC,1001,n_breakdowns,91.0
GroundSim-DEC,1001,n_buffer_events,255278.0
GroundSim-DEC,1001,n_valid,40664.0
GroundSim-DEC,1001,processing_mean,371.3312512295888
GroundSim-DEC,1001,rework_rate,17.865925634467832
GroundSim-DEC,1001,system_time_mean,1296.759738343498
GroundSim-DEC,1001,tech_availability,99.37332818930041
GroundSim-DEC,1002,avg_breakdown_repair,1980.2087912087911
GroundSim-DEC,1002,buffer_time_mean,15.058268960240875
GroundSim-DEC,1002,buffer_wait_mean,744.0246551000765
GroundSim-DEC,1002,cycle_time_mean,562.5556899232458
GroundSim-DEC,1002,cycle_time_std,359.86880464390117
GroundSim-DEC,1002,fe_cycle,65.77050717388823
GroundSim-DEC,1002,fe_system,28.3178705241797
GroundSim-DEC,1002,inline_wait_mean,192.55995952516105
GroundSim-DEC,1002,multi_rework_rate,6.369851180927466
GroundSim-DEC,1002,n_breakdowns,91.0
GroundSim-DEC,1002,n_buffer_events,253950.0
GroundSim-DEC,1002,n_valid,40519.0
GroundSim-DEC,1002,processing_mean,369.99573039808485
GroundSim-DEC,1002,rework_rate,17.359757150966214
GroundSim-DEC,1002,system_time_mean,1306.5803450233225
GroundSim-DEC,1002,tech_availability,99.25246000929245
GroundSim-DEC,1003,avg_breakdown_repair,1731.5274725274726
GroundSim-DEC,1003,buffer_time_mean,15.059926461635863
GroundSim-DEC,1003,buffer_wait_mean,734.3028952687073
GroundSim-DEC,1003,cycle_time_mean,553.8891567438576
GroundSim-DEC,1003,cycle_time_std,293.8770135825853
GroundSim-DEC,1003,fe_cycle,66.66954915304578
GroundSim-DEC,1003,fe_system,28.666176214316145
GroundSim-DEC,1003,inline_wait_mean,184.61375313512065
GroundSim-DEC,1003,multi_rework_rate,6.34572771324908
GroundSim-DEC,1003,n_breakdowns,91.0
GroundSim-DEC,1003,n_buffer_events,257435.0
GroundSim-DEC,1003,n_valid,41067.0
GroundSim-DEC,1003,processing_mean,369.27540360873695
GroundSim-DEC,1003,rework_rate,17.39839774027808
GroundSim-DEC,1003,system_time_mean,1288.1920520125648
GroundSim-DEC,1003,tech_availability,99.3463386101155
GroundSim-DEC,1004,avg_breakdown_repair,1960.5531914893618
GroundSim-DEC,1004,buffer_time_mean,15.062356570018506
GroundSim-DEC,1004,buffer_wait_mean,743.4790869833436
GroundSim-DEC,1004,cycle_time_mean,560.7688340530536
GroundSim-DEC,1004,cycle_time_std,343.21765018186056
GroundSim-DEC,1004,fe_cycle,65.88787483404406
GroundSim-DEC,1004,fe_system,28.328867658505036
GroundSim-DEC,1004,inline_wait_mean,191.29016656384948
GroundSim-DEC,1004,multi_rework_rate,6.294879703886489
GroundSim-DEC,1004,n_breakdowns,94.0
GroundSim-DEC,1004,n_buffer_events,254051.0
GroundSim-DEC,1004,n_valid,40525.0
GroundSim-DEC,1004,processing_mean,369.4786674892042
GroundSim-DEC,1004,rework_rate,17.554595928439234
GroundSim-DEC,1004,system_time_mean,1304.2479210363972
GroundSim-DEC,1004,tech_availability,99.23548055223682
GroundSim-DEC,1005,avg_breakdown_repair,1787.1612903225807
GroundSim-DEC,1005,buffer_time_mean,15.076344820853265
GroundSim-DEC,1005,buffer_wait_mean,735.9651713365225
GroundSim-DEC,1005,cycle_time_mean,552.7241774870644
GroundSim-DEC,1005,cycle_time_std,329.3305492346943
GroundSim-DEC,1005,fe_cycle,66.95833718791418
GroundSim-DEC,1005,fe_system,28.718707019559403
GroundSim-DEC,1005,inline_wait_mean,182.62925900615053
GroundSim-DEC,1005,multi_rework_rate,6.567900029288294
GroundSim-DEC,1005,n_breakdowns,93.0
GroundSim-DEC,1005,n_buffer_events,257000.0
GroundSim-DEC,1005,n_valid,40972.0
GroundSim-DEC,1005,processing_mean,370.0949184809138
GroundSim-DEC,1005,rework_rate,17.597383579029582
GroundSim-DEC,1005,system_time_mean,1288.689348823587
GroundSim-DEC,1005,tech_availability,99.31050876144963
GroundSim-DEC,1006,avg_breakdown_repair,2378.5164835164837
GroundSim-DEC,1006,buffer_time_mean,15.086101387594752
GroundSim-DEC,1006,buffer_wait_mean,758.2727593240827
GroundSim-DEC,1006,cycle_time_mean,563.6892643984991
GroundSim-DEC,1006,cycle_time_std,382.67859230004603
GroundSim-DEC,1006,fe_cycle,65.80233946047042
GroundSim-DEC,1006,fe_system,28.058349378088337
GroundSim-DEC,1006,inline_wait_mean,192.76854113677
GroundSim-DEC,1006,multi_rework_rate,6.514895867435594
GroundSim-DEC,1006,n_breakdowns,91.0
GroundSim-DEC,1006,n_buffer_events,249154.0
GroundSim-DEC,1006,n_valid,39709.0
GroundSim-DEC,1006,processing_mean,370.92072326172905
GroundSim-DEC,1006,rework_rate,17.774308091364677
GroundSim-DEC,1006,system_time_mean,1321.9620237225818
GroundSim-DEC,1006,tech_availability,99.102096608257
GroundSim-DEC,1007,avg_breakdown_repair,1587.3473684210526
GroundSim-DEC,1007,buffer_time_mean,15.077918589602715
GroundSim-DEC,1007,buffer_wait_mean,735.8824994505896
GroundSim-DEC,1007,cycle_time_mean,555.3685932654506
GroundSim-DEC,1007,cycle_time_std,271.0057994078569
GroundSim-DEC,1007,fe_cycle,66.61877566884644
GroundSim-DEC,1007,fe_system,28.65281271549725
GroundSim-DEC,1007,inline_wait_mean,185.3888359827119
GroundSim-DEC,1007,multi_rework_rate,6.59536541889483
GroundSim-DEC,1007,n_breakdowns,95.0
GroundSim-DEC,1007,n_buffer_events,256888.0
GroundSim-DEC,1007,n_valid,40953.0
GroundSim-DEC,1007,processing_mean,369.9797572827388
GroundSim-DEC,1007,rework_rate,17.52008399873025
GroundSim-DEC,1007,system_time_mean,1291.2510927160404
GroundSim-DEC,1007,tech_availability,99.37442751891676
GroundSim-DEC,1008,avg_breakdown_repair,1717.3191489361702
GroundSim-DEC,1008,buffer_time_mean,15.083255654221656
GroundSim-DEC,1008,buffer_wait_mean,739.2194475788648
GroundSim-DEC,1008,cycle_time_mean,554.5346857675514
GroundSim-DEC,1008,cycle_time_std,298.633829822964
GroundSim-DEC,1008,fe_cycle,66.79247750204026
GroundSim-DEC,1008,fe_system,28.62889058172588
GroundSim-DEC,1008,inline_wait_mean,184.14723053524997
GroundSim-DEC,1008,multi_rework_rate,6.5225923563754105
GroundSim-DEC,1008,n_breakdowns,94.0
GroundSim-DEC,1008,n_buffer_events,255752.0
GroundSim-DEC,1008,n_valid,40766.0
GroundSim-DEC,1008,processing_mean,370.3874552323014
GroundSim-DEC,1008,rework_rate,17.651964872688026
GroundSim-DEC,1008,system_time_mean,1293.7541333464162
GroundSim-DEC,1008,tech_availability,99.33032988185317
GroundSim-DEC,1009,avg_breakdown_repair,1935.2340425531916
GroundSim-DEC,1009,buffer_time_mean,15.07609311491563
GroundSim-DEC,1009,buffer_wait_mean,742.3293016381327
GroundSim-DEC,1009,cycle_time_mean,560.2003941372091
GroundSim-DEC,1009,cycle_time_std,368.036134770691
GroundSim-DEC,1009,fe_cycle,65.87958446590756
GroundSim-DEC,1009,fe_system,28.33391768579104
GroundSim-DEC,1009,inline_wait_mean,191.1427023032393
GroundSim-DEC,1009,multi_rework_rate,6.557457815001848
GroundSim-DEC,1009,n_breakdowns,94.0
GroundSim-DEC,1009,n_buffer_events,254603.0
GroundSim-DEC,1009,n_valid,40595.0
GroundSim-DEC,1009,processing_mean,369.0576918339697
GroundSim-DEC,1009,rework_rate,17.56620273432689
GroundSim-DEC,1009,system_time_mean,1302.5296957753417
GroundSim-DEC,1009,tech_availability,99.24535377671579
DeepSim,1000,avg_breakdown_repair,1675.97
DeepSim,1000,buffer_time_mean,15.080015766653528
DeepSim,1000,buffer_wait_mean,741.8187327552228
DeepSim,1000,cycle_time_mean,555.6317500985416
DeepSim,1000,cycle_time_std,268.50499178219184
DeepSim,1000,fe_cycle,66.40665749055033
DeepSim,1000,fe_system,28.438578433075847
DeepSim,1000,inline_wait_mean,186.65527690185257
DeepSim,1000,multi_rework_rate,6.641702798581001
DeepSim,1000,n_breakdowns,100.0
DeepSim,1000,n_buffer_events,254643.0
DeepSim,1000,n_valid,40592.0
DeepSim,1000,processing_mean,368.976473196689
DeepSim,1000,rework_rate,17.486204178163185
DeepSim,1000,system_time_mean,1297.4504828537642
DeepSim,1000,tech_availability,99.30473831806718
DeepSim,1001,avg_breakdown_repair,1502.47
DeepSim,1001,buffer_time_mean,15.062379421221864
DeepSim,1001,buffer_wait_mean,743.3457581004204
DeepSim,1001,cycle_time_mean,547.0182043037348
DeepSim,1001,cycle_time_std,257.99461493543276
DeepSim,1001,fe_cycle,67.47748434545825
DeepSim,1001,fe_system,28.605427145387775
DeepSim,1001,inline_wait_mean,177.90408112787534
DeepSim,1001,multi_rework_rate,6.472916151372743
DeepSim,1001,n_breakdowns,100.0
DeepSim,1001,n_buffer_events,253402.0
DeepSim,1001,n_valid,40430.0
DeepSim,1001,processing_mean,369.1141231758595
DeepSim,1001,rework_rate,17.25946079643829
DeepSim,1001,system_time_mean,1290.3639624041552
DeepSim,1001,tech_availability,99.37671329483605
DeepSim,1002,avg_breakdown_repair,1599.326923076923
DeepSim,1002,buffer_time_mean,15.060907380713884
DeepSim,1002,buffer_wait_mean,736.0236495565708
DeepSim,1002,cycle_time_mean,558.0576580098214
DeepSim,1002,cycle_time_std,305.2088656726804
DeepSim,1002,fe_cycle,65.90903857295672
DeepSim,1002,fe_system,28.422513711192117
DeepSim,1002,inline_wait_mean,190.24722093278933
DeepSim,1002,multi_rework_rate,6.491412376927023
DeepSim,1002,n_breakdowns,104.0
DeepSim,1002,n_buffer_events,256557.0
DeepSim,1002,n_valid,40931.0
DeepSim,1002,processing_mean,367.8104370770321
DeepSim,1002,rework_rate,17.128826561774694
DeepSim,1002,system_time_mean,1294.0813075663923
DeepSim,1002,tech_availability,99.30999435815744
DeepSim,1003,avg_breakdown_repair,1421.1037735849056
DeepSim,1003,buffer_time_mean,15.054189357493467
DeepSim,1003,buffer_wait_mean,735.2083323158075
DeepSim,1003,cycle_time_mean,552.5925663630369
DeepSim,1003,cycle_time_std,274.76889444742864
DeepSim,1003,fe_cycle,66.6054257374444
DeepSim,1003,fe_system,28.580243405417733
DeepSim,1003,inline_wait_mean,184.53593494346626
DeepSim,1003,multi_rework_rate,6.398202642311168
DeepSim,1003,n_breakdowns,106.0
DeepSim,1003,n_buffer_events,256609.0
DeepSim,1003,n_valid,40949.0
DeepSim,1003,processing_mean,368.0566314195707
DeepSim,1003,rework_rate,17.0919924784488
DeepSim,1003,system_time_mean,1287.8008986788443
DeepSim,1003,tech_availability,99.37509541351388
DeepSim,1004,avg_breakdown_repair,1840.3684210526317
DeepSim,1004,buffer_time_mean,15.062123456790124
DeepSim,1004,buffer_wait_mean,743.5398518518518
DeepSim,1004,cycle_time_mean,558.2868148148148
DeepSim,1004,cycle_time_std,366.2494120960726
DeepSim,1004,fe_cycle,66.0448879411335
DeepSim,1004,fe_system,28.323271498092517
DeepSim,1004,inline_wait_mean,189.5669135802469
DeepSim,1004,multi_rework_rate,6.441975308641975
DeepSim,1004,n_breakdowns,95.0
DeepSim,1004,n_buffer_events,253884.0
DeepSim,1004,n_valid,40500.0
DeepSim,1004,processing_mean,368.7199012345679
DeepSim,1004,rework_rate,17.22716049382716
DeepSim,1004,system_time_mean,1301.8266666666666
DeepSim,1004,tech_availability,99.27471210009293
DeepSim,1005,avg_breakdown_repair,1868.2680412371135
DeepSim,1005,buffer_time_mean,15.056331413599624
DeepSim,1005,buffer_wait_mean,744.2866253058803
DeepSim,1005,cycle_time_mean,557.3110462960674
DeepSim,1005,cycle_time_std,332.8749855166839
DeepSim,1005,fe_cycle,66.05268616635206
DeepSim,1005,fe_system,28.282081661016672
DeepSim,1005,inline_wait_mean,189.19212991571297
DeepSim,1005,multi_rework_rate,6.424104604889141
DeepSim,1005,n_breakdowns,97.0
DeepSim,1005,n_buffer_events,253509.0
DeepSim,1005,n_valid,40457.0
DeepSim,1005,processing_mean,368.11891638035445
DeepSim,1005,rework_rate,17.183676496032824
DeepSim,1005,system_time_mean,1301.5976716019477
DeepSim,1005,tech_availability,99.24821618213196
DeepSim,1006,avg_breakdown_repair,1586.1958762886597
DeepSim,1006,buffer_time_mean,15.095926735250067
DeepSim,1006,buffer_wait_mean,738.8676127574946
DeepSim,1006,cycle_time_mean,559.3576321539934
DeepSim,1006,cycle_time_std,393.440894485013
DeepSim,1006,fe_cycle,66.09916207376527
DeepSim,1006,fe_system,28.4797040651179
DeepSim,1006,inline_wait_mean,189.6269243045496
DeepSim,1006,multi_rework_rate,6.66846718554347
DeepSim,1006,n_breakdowns,97.0
DeepSim,1006,n_buffer_events,255644.0
DeepSim,1006,n_valid,40729.0
DeepSim,1006,processing_mean,369.7307078494439
DeepSim,1006,rework_rate,17.80795010925876
DeepSim,1006,system_time_mean,1298.225244911488
DeepSim,1006,tech_availability,99.36172092791716
DeepSim,1007,avg_breakdown_repair,1943.3478260869565
DeepSim,1007,buffer_time_mean,15.069113028856853
DeepSim,1007,buffer_wait_mean,743.8491877055463
DeepSim,1007,cycle_time_mean,552.6993892336985
DeepSim,1007,cycle_time_std,290.09828732187856
DeepSim,1007,fe_cycle,66.69133143960848
DeepSim,1007,fe_system,28.429523435882032
DeepSim,1007,inline_wait_mean,184.09680769516086
DeepSim,1007,multi_rework_rate,6.5305012240053415
DeepSim,1007,n_breakdowns,92.0
DeepSim,1007,n_buffer_events,253577.0
DeepSim,1007,n_valid,40441.0
DeepSim,1007,processing_mean,368.6025815385376
DeepSim,1007,rework_rate,17.395712272199006
DeepSim,1007,system_time_mean,1296.5485769392449
DeepSim,1007,tech_availability,99.25831342094783
DeepSim,1008,avg_breakdown_repair,1808.6470588235295
DeepSim,1008,buffer_time_mean,15.05040153717298
DeepSim,1008,buffer_wait_mean,741.7993792186037
DeepSim,1008,cycle_time_mean,557.2710499088536
DeepSim,1008,cycle_time_std,325.14069540673336
DeepSim,1008,fe_cycle,65.98656052214271
DeepSim,1008,fe_system,28.306702267672573
DeepSim,1008,inline_wait_mean,189.54705128836773
DeepSim,1008,multi_rework_rate,6.2546189091984035
DeepSim,1008,n_breakdowns,102.0
DeepSim,1008,n_buffer_events,254326.0
DeepSim,1008,n_valid,40594.0
DeepSim,1008,processing_mean,367.72399862048576
DeepSim,1008,rework_rate,17.226683746366458
DeepSim,1008,system_time_mean,1299.0704291274571
DeepSim,1008,tech_availability,99.23469235364396
DeepSim,1009,avg_breakdown_repair,1567.378640776699
DeepSim,1009,buffer_time_mean,15.062831337129394
DeepSim,1009,buffer_wait_mean,738.8557579030041
DeepSim,1009,cycle_time_mean,554.3010013744355
DeepSim,1009,cycle_time_std,268.1028892998202
DeepSim,1009,fe_cycle,66.4520882519115
DeepSim,1009,fe_system,28.484140686886573
DeepSim,1009,inline_wait_mean,185.9564107598665
DeepSim,1009,multi_rework_rate,6.484390339681917
DeepSim,1009,n_breakdowns,103.0
DeepSim,1009,n_buffer_events,255435.0
DeepSim,1009,n_valid,40744.0
DeepSim,1009,processing_mean,368.34459061456903
DeepSim,1009,rework_rate,17.236893775770664
DeepSim,1009,system_time_mean,1293.1567592774397
DeepSim,1009,tech_availability,99.33028010088942
RefSim-M,1000,avg_breakdown_repair,1919.5393258426966
RefSim-M,1000,buffer_time_mean,15.075568702021268
RefSim-M,1000,buffer_wait_mean,710.1591896142921
RefSim-M,1000,cycle_time_mean,577.310045308355
RefSim-M,1000,cycle_time_std,298.12758802561035
RefSim-M,1000,fe_cycle,64.08000821090845
RefSim-M,1000,fe_system,28.73391568523342
RefSim-M,1000,inline_wait_mean,207.3697208723619
RefSim-M,1000,multi_rework_rate,6.08963072516844
RefSim-M,1000,n_breakdowns,89.0
RefSim-M,1000,n_buffer_events,267169.0
RefSim-M,1000,n_valid,42597.0
RefSim-M,1000,processing_mean,369.94032443599315
RefSim-M,1000,rework_rate,17.548184144423313
RefSim-M,1000,system_time_mean,1287.469234922647
RefSim-M,1000,tech_availability,99.29128916102482
RefSim-M,1001,avg_breakdown_repair,1640.0689655172414
RefSim-M,1001,buffer_time_mean,15.07804923535994
RefSim-M,1001,buffer_wait_mean,705.1827909362179
RefSim-M,1001,cycle_time_mean,577.0689108541588
RefSim-M,1001,cycle_time_std,275.23391582074873
RefSim-M,1001,fe_cycle,64.14117053166632
RefSim-M,1001,fe_system,28.866310232178265
RefSim-M,1001,inline_wait_mean,206.93015665796344
RefSim-M,1001,multi_rework_rate,6.026202909362179
RefSim-M,1001,n_breakdowns,87.0
RefSim-M,1001,n_buffer_events,269061.0
RefSim-M,1001,n_valid,42896.0
RefSim-M,1001,processing_mean,370.13875419619546
RefSim-M,1001,rework_rate,17.710276016411786
RefSim-M,1001,system_time_mean,1282.2517017903767
RefSim-M,1001,tech_availability,99.40807945041816
RefSim-M,1002,avg_breakdown_repair,2089.723404255319
RefSim-M,1002,buffer_time_mean,15.061261176025356
RefSim-M,1002,buffer_wait_mean,715.1376839017929
RefSim-M,1002,cycle_time_mean,584.6610057240172
RefSim-M,1002,cycle_time_std,376.8067777188345
RefSim-M,1002,fe_cycle,63.23413934082356
RefSim-M,1002,fe_system,28.44327802310812
RefSim-M,1002,inline_wait_mean,214.95565069303183
RefSim-M,1002,multi_rework_rate,5.962912152892757
RefSim-M,1002,n_breakdowns,94.0
RefSim-M,1002,n_buffer_events,265006.0
RefSim-M,1002,n_valid,42278.0
RefSim-M,1002,processing_mean,369.7053550309854
RefSim-M,1002,rework_rate,17.48190548275699
RefSim-M,1002,system_time_mean,1299.79868962581
RefSim-M,1002,tech_availability,99.18511051373955
RefSim-M,1003,avg_breakdown_repair,1910.009523809524
RefSim-M,1003,buffer_time_mean,15.093566006951834
RefSim-M,1003,buffer_wait_mean,715.8977087323544
RefSim-M,1003,cycle_time_mean,589.6128017781562
RefSim-M,1003,cycle_time_std,402.1579825538822
RefSim-M,1003,fe_cycle,62.847110614002666
RefSim-M,1003,fe_system,28.38388559452771
RefSim-M,1003,inline_wait_mean,219.05819205031804
RefSim-M,1003,multi_rework_rate,6.157338440803008
RefSim-M,1003,n_breakdowns,105.0
RefSim-M,1003,n_buffer_events,265454.0
RefSim-M,1003,n_valid,42291.0
RefSim-M,1003,processing_mean,370.55460972783806
RefSim-M,1003,rework_rate,17.980184909318766
RefSim-M,1003,system_time_mean,1305.5105105105106
RefSim-M,1003,tech_availability,99.1680314947564
RefSim-M,1004,avg_breakdown_repair,2154.161616161616
RefSim-M,1004,buffer_time_mean,15.073821045640004
RefSim-M,1004,buffer_wait_mean,717.5319290255243
RefSim-M,1004,cycle_time_mean,595.0059540753392
RefSim-M,1004,cycle_time_std,546.1199727702171
RefSim-M,1004,fe_cycle,62.21776432399365
RefSim-M,1004,fe_system,28.204854654993305
RefSim-M,1004,inline_wait_mean,224.8065518550147
RefSim-M,1004,multi_rework_rate,6.044216718853781
RefSim-M,1004,n_breakdowns,99.0
RefSim-M,1004,n_buffer_events,264370.0
RefSim-M,1004,n_valid,42156.0
RefSim-M,1004,processing_mean,370.1994022203245
RefSim-M,1004,rework_rate,17.582313312458485
RefSim-M,1004,system_time_mean,1312.5378831008634
RefSim-M,1004,tech_availability,99.11530100889419
RefSim-M,1005,avg_breakdown_repair,1847.5824175824175
RefSim-M,1005,buffer_time_mean,15.07507591684186
RefSim-M,1005,buffer_wait_mean,706.4826676010277
RefSim-M,1005,cycle_time_mean,582.4164914739547
RefSim-M,1005,cycle_time_std,348.83545414776097
RefSim-M,1005,fe_cycle,63.523692258329746
RefSim-M,1005,fe_system,28.704531079933222
RefSim-M,1005,inline_wait_mean,212.44403176827845
RefSim-M,1005,multi_rework_rate,5.977575332866153
RefSim-M,1005,n_breakdowns,91.0
RefSim-M,1005,n_buffer_events,268494.0
RefSim-M,1005,n_valid,42810.0
RefSim-M,1005,processing_mean,369.9724597056763
RefSim-M,1005,rework_rate,17.757533286615278
RefSim-M,1005,system_time_mean,1288.8991590749824
RefSim-M,1005,tech_availability,99.30252721359352
RefSim-M,1006,avg_breakdown_repair,2461.7291666666665
RefSim-M,1006,buffer_time_mean,15.069278200943055
RefSim-M,1006,buffer_wait_mean,731.3631241687825
RefSim-M,1006,cycle_time_mean,587.8767259098054
RefSim-M,1006,cycle_time_std,407.4981814993159
RefSim-M,1006,fe_cycle,62.920567027105776
RefSim-M,1006,fe_system,28.038523043463186
RefSim-M,1006,inline_wait_mean,217.98135654697134
RefSim-M,1006,multi_rework_rate,6.023455446741628
RefSim-M,1006,n_breakdowns,96.0
RefSim-M,1006,n_buffer_events,259301.0
RefSim-M,1006,n_valid,41355.0
RefSim-M,1006,processing_mean,369.895369362834
RefSim-M,1006,rework_rate,17.504533913674283
RefSim-M,1006,system_time_mean,1319.2398500785878
RefSim-M,1006,tech_availability,99.01962199654852
RefSim-M,1007,avg_breakdown_repair,1768.9411764705883
RefSim-M,1007,buffer_time_mean,15.073612468126683
RefSim-M,1007,buffer_wait_mean,720.5987417486833
RefSim-M,1007,cycle_time_mean,587.7257107451803
RefSim-M,1007,cycle_time_std,394.2039001456458
RefSim-M,1007,fe_cycle,63.00296633779531
RefSim-M,1007,fe_system,28.30220217878951
RefSim-M,1007,inline_wait_mean,217.4410790458261
RefSim-M,1007,multi_rework_rate,5.993375116173772
RefSim-M,1007,n_breakdowns,119.0
RefSim-M,1007,n_buffer_events,263167.0
RefSim-M,1007,n_valid,41963.0
RefSim-M,1007,processing_mean,370.2846316993542
RefSim-M,1007,rework_rate,17.508281104782785
RefSim-M,1007,system_time_mean,1308.3244524938636
RefSim-M,1007,tech_availability,99.12674233373157
RefSim-M,1008,avg_breakdown_repair,2012.9903846153845
RefSim-M,1008,buffer_time_mean,15.086699180832426
RefSim-M,1008,buffer_wait_mean,716.398551067759
RefSim-M,1008,cycle_time_mean,595.9893934371893
RefSim-M,1008,cycle_time_std,470.32514977806744
RefSim-M,1008,fe_cycle,62.14859335647945
RefSim-M,1008,fe_system,28.22328764340693
RefSim-M,1008,inline_wait_mean,225.59036886216202
RefSim-M,1008,multi_rework_rate,6.063260571049765
RefSim-M,1008,n_breakdowns,104.0
RefSim-M,1008,n_buffer_events,265040.0
RefSim-M,1008,n_valid,42238.0
RefSim-M,1008,processing_mean,370.3990245750272
RefSim-M,1008,rework_rate,17.90094227946399
RefSim-M,1008,system_time_mean,1312.387944504948
RefSim-M,1008,tech_availability,99.13152545466613
RefSim-M,1009,avg_breakdown_repair,1928.1960784313726
RefSim-M,1009,buffer_time_mean,15.0831124574025
RefSim-M,1009,buffer_wait_mean,715.9925454373343
RefSim-M,1009,cycle_time_mean,588.930258424839
RefSim-M,1009,cycle_time_std,434.0892875844758
RefSim-M,1009,fe_cycle,62.90523400920773
RefSim-M,1009,fe_system,28.390028599140475
RefSim-M,1009,inline_wait_mean,218.46230121166224
RefSim-M,1009,multi_rework_rate,6.155338886785309
RefSim-M,1009,n_breakdowns,102.0
RefSim-M,1009,n_buffer_events,265107.0
RefSim-M,1009,n_valid,42256.0
RefSim-M,1009,processing_mean,370.4679572131768
RefSim-M,1009,rework_rate,17.689795531995458
RefSim-M,1009,system_time_mean,1304.9228038621734
RefSim-M,1009,tech_availability,99.18410659763707
RefSim-V,1000,avg_breakdown_repair,1960.0
RefSim-V,1000,buffer_time_mean,14.82387843377041
RefSim-V,1000,buffer_wait_mean,685.8695110627987
RefSim-V,1000,cycle_time_mean,539.2961704825962
RefSim-V,1000,cycle_time_std,296.6435080215572
RefSim-V,1000,fe_cycle,66.12894820506902
RefSim-V,1000,fe_system,29.108788355915337
RefSim-V,1000,inline_wait_mean,182.6652852322395
RefSim-V,1000,multi_rework_rate,3.9336911474964333
RefSim-V,1000,n_breakdowns,90.0
RefSim-V,1000,n_buffer_events,274162.0
RefSim-V,1000,n_valid,44157.0
RefSim-V,1000,processing_mean,356.6308852503567
RefSim-V,1000,rework_rate,14.794936250198157
RefSim-V,1000,system_time_mean,1225.1656815453948
RefSim-V,1000,tech_availability,99.26821983273597
RefSim-V,1001,avg_breakdown_repair,1695.7191011235955
RefSim-V,1001,buffer_time_mean,14.852347186069473
RefSim-V,1001,buffer_wait_mean,678.7467462525806
RefSim-V,1001,cycle_time_mean,544.465039044969
RefSim-V,1001,cycle_time_std,286.14553786275866
RefSim-V,1001,fe_cycle,65.68933881865549
RefSim-V,1001,fe_system,29.239048261816237
RefSim-V,1001,inline_wait_mean,186.80955479759447
RefSim-V,1001,multi_rework_rate,4.0683062561709
RefSim-V,1001,n_breakdowns,89.0
RefSim-V,1001,n_buffer_events,276977.0
RefSim-V,1001,n_valid,44564.0
RefSim-V,1001,processing_mean,357.65548424737455
RefSim-V,1001,rework_rate,15.012117404182748
RefSim-V,1001,system_time_mean,1223.2117852975496
RefSim-V,1001,tech_availability,99.37392556086553
RefSim-V,1002,avg_breakdown_repair,1881.5252525252524
RefSim-V,1002,buffer_time_mean,14.834726049053707
RefSim-V,1002,buffer_wait_mean,684.1661321649577
RefSim-V,1002,cycle_time_mean,546.4194182212385
RefSim-V,1002,cycle_time_std,337.20162205595125
RefSim-V,1002,fe_cycle,65.3561104883994
RefSim-V,1002,fe_system,29.020207379378604
RefSim-V,1002,inline_wait_mean,189.30093951849676
RefSim-V,1002,multi_rework_rate,3.9613352003252182
RefSim-V,1002,n_breakdowns,99.0
RefSim-V,1002,n_buffer_events,275029.0
RefSim-V,1002,n_valid,44278.0
RefSim-V,1002,processing_mean,357.11847870274175
RefSim-V,1002,rework_rate,14.885496183206106
RefSim-V,1002,system_time_mean,1230.5855503861962
RefSim-V,1002,tech_availability,99.22727084163016
RefSim-V,1003,avg_breakdown_repair,1873.3333333333333
RefSim-V,1003,buffer_time_mean,14.8419846453535
RefSim-V,1003,buffer_wait_mean,693.9009739887705
RefSim-V,1003,cycle_time_mean,551.7834536495932
RefSim-V,1003,cycle_time_std,340.81555355625784
RefSim-V,1003,fe_cycle,64.76962667095181
RefSim-V,1003,fe_system,28.69009799203171
RefSim-V,1003,inline_wait_mean,194.39537068866736
RefSim-V,1003,multi_rework_rate,4.012833734387533
RefSim-V,1003,n_breakdowns,105.0
RefSim-V,1003,n_buffer_events,271108.0
RefSim-V,1003,n_valid,43635.0
RefSim-V,1003,processing_mean,357.3880829609259
RefSim-V,1003,rework_rate,14.990260112295175
RefSim-V,1003,system_time_mean,1245.6844276383638
RefSim-V,1003,tech_availability,99.18400703570954
RefSim-V,1004,avg_breakdown_repair,1805.3673469387754
RefSim-V,1004,buffer_time_mean,14.815864801117497
RefSim-V,1004,buffer_wait_mean,688.4471822116376
RefSim-V,1004,cycle_time_mean,543.4221988138038
RefSim-V,1004,cycle_time_std,292.9994754172055
RefSim-V,1004,fe_cycle,65.6384108958588
RefSim-V,1004,fe_system,28.95548028475176
RefSim-V,1004,inline_wait_mean,186.72850305708855
RefSim-V,1004,multi_rework_rate,3.8448327188623512
RefSim-V,1004,n_breakdowns,98.0
RefSim-V,1004,n_buffer_events,271035.0
RefSim-V,1004,n_valid,43669.0
RefSim-V,1004,processing_mean,356.6936957567153
RefSim-V,1004,rework_rate,14.527467997893243
RefSim-V,1004,system_time_mean,1231.8693810254415
RefSim-V,1004,tech_availability,99.26603776715784
RefSim-V,1005,avg_breakdown_repair,1755.5326086956522
RefSim-V,1005,buffer_time_mean,14.835849141621232
RefSim-V,1005,buffer_wait_mean,682.0110395169648
RefSim-V,1005,cycle_time_mean,539.6830306853512
RefSim-V,1005,cycle_time_std,304.91009470525563
RefSim-V,1005,fe_cycle,66.1429640544517
RefSim-V,1005,fe_system,29.218636784827268
RefSim-V,1005,inline_wait_mean,182.72067769116387
RefSim-V,1005,multi_rework_rate,3.897625377371243
RefSim-V,1005,n_breakdowns,92.0
RefSim-V,1005,n_buffer_events,275707.0
RefSim-V,1005,n_valid,44386.0
RefSim-V,1005,processing_mean,356.96235299418737
RefSim-V,1005,rework_rate,14.797458658135449
RefSim-V,1005,system_time_mean,1221.694070202316
RefSim-V,1005,tech_availability,99.3299938603478
RefSim-V,1006,avg_breakdown_repair,2323.5204081632655
RefSim-V,1006,buffer_time_mean,14.81047018904508
RefSim-V,1006,buffer_wait_mean,697.034023497911
RefSim-V,1006,cycle_time_mean,551.1404104055582
RefSim-V,1006,cycle_time_std,467.19017767579345
RefSim-V,1006,fe_cycle,64.7314936983856
RefSim-V,1006,fe_system,28.582657226459546
RefSim-V,1006,inline_wait_mean,194.3789903746278
RefSim-V,1006,multi_rework_rate,3.854765367126007
RefSim-V,1006,n_breakdowns,98.0
RefSim-V,1006,n_buffer_events,268849.0
RefSim-V,1006,n_valid,43323.0
RefSim-V,1006,processing_mean,356.7614200309305
RefSim-V,1006,rework_rate,14.504997345520854
RefSim-V,1006,system_time_mean,1248.1744339034692
RefSim-V,1006,tech_availability,99.05538547059605
RefSim-V,1007,avg_breakdown_repair,1798.1639344262296
RefSim-V,1007,buffer_time_mean,14.819739232414285
RefSim-V,1007,buffer_wait_mean,695.4899395221561
RefSim-V,1007,cycle_time_mean,553.153264193897
RefSim-V,1007,cycle_time_std,427.657590680181
RefSim-V,1007,fe_cycle,64.50112026717466
RefSim-V,1007,fe_system,28.574219692036507
RefSim-V,1007,inline_wait_mean,196.36321199438913
RefSim-V,1007,multi_rework_rate,3.9782003817232736
RefSim-V,1007,n_breakdowns,122.0
RefSim-V,1007,n_buffer_events,269953.0
RefSim-V,1007,n_valid,43487.0
RefSim-V,1007,processing_mean,356.7900521995079
RefSim-V,1007,rework_rate,14.648055740796101
RefSim-V,1007,system_time_mean,1248.643203716053
RefSim-V,1007,tech_availability,99.08993760785876
RefSim-V,1008,avg_breakdown_repair,1995.0192307692307
RefSim-V,1008,buffer_time_mean,14.846471137850095
RefSim-V,1008,buffer_wait_mean,689.9876939905654
RefSim-V,1008,cycle_time_mean,546.1281420204645
RefSim-V,1008,cycle_time_std,403.84911898039644
RefSim-V,1008,fe_cycle,65.4552253195947
RefSim-V,1008,fe_system,28.918762746926046
RefSim-V,1008,inline_wait_mean,188.65873612725326
RefSim-V,1008,multi_rework_rate,4.063262004056425
RefSim-V,1008,n_breakdowns,104.0
RefSim-V,1008,n_buffer_events,272713.0
RefSim-V,1008,n_valid,43881.0
RefSim-V,1008,processing_mean,357.46940589321116
RefSim-V,1008,rework_rate,14.887992525238714
RefSim-V,1008,system_time_mean,1236.1158360110298
RefSim-V,1008,tech_availability,99.13927883977168
RefSim-V,1009,avg_breakdown_repair,1963.5961538461538
RefSim-V,1009,buffer_time_mean,14.837957009002388
RefSim-V,1009,buffer_wait_mean,693.0804473635862
RefSim-V,1009,cycle_time_mean,553.0390180047767
RefSim-V,1009,cycle_time_std,334.90548423553236
RefSim-V,1009,fe_cycle,64.61040620714688
RefSim-V,1009,fe_system,28.67467894912271
RefSim-V,1009,inline_wait_mean,195.71826198787434
RefSim-V,1009,multi_rework_rate,4.007440749586625
RefSim-V,1009,n_breakdowns,104.0
RefSim-V,1009,n_buffer_events,270472.0
RefSim-V,1009,n_valid,43544.0
RefSim-V,1009,processing_mean,357.32075601690246
RefSim-V,1009,rework_rate,14.897574866801397
RefSim-V,1009,system_time_mean,1246.119465368363
RefSim-V,1009,tech_availability,99.15283585556884
RefSim-W,1000,avg_breakdown_repair,1882.1734693877552
RefSim-W,1000,buffer_time_mean,15.074974646824367
RefSim-W,1000,buffer_wait_mean,713.1601849012995
RefSim-W,1000,cycle_time_mean,581.5152472819037
RefSim-W,1000,cycle_time_std,377.61885666034374
RefSim-W,1000,fe_cycle,63.58450892385671
RefSim-W,1000,fe_system,28.559560574810337
RefSim-W,1000,inline_wait_mean,211.76163298035425
RefSim-W,1000,multi_rework_rate,6.089479021721186
RefSim-W,1000,n_breakdowns,98.0
RefSim-W,1000,n_buffer_events,265941.0
RefSim-W,1000,n_valid,42401.0
RefSim-W,1000,processing_mean,369.7536143015495
RefSim-W,1000,rework_rate,17.650527110209666
RefSim-W,1000,system_time_mean,1294.6754321832032
RefSim-W,1000,tech_availability,99.23481265763971
RefSim-W,1001,avg_breakdown_repair,1680.9484536082475
RefSim-W,1001,buffer_time_mean,15.083428571428572
RefSim-W,1001,buffer_wait_mean,706.1257609329446
RefSim-W,1001,cycle_time_mean,583.5315218658892
RefSim-W,1001,cycle_time_std,332.4648221781724
RefSim-W,1001,fe_cycle,63.466815546030496
RefSim-W,1001,fe_system,28.716844356652004
RefSim-W,1001,inline_wait_mean,213.1826472303207
RefSim-W,1001,multi_rework_rate,6.222740524781341
RefSim-W,1001,n_breakdowns,97.0
RefSim-W,1001,n_buffer_events,268974.0
RefSim-W,1001,n_valid,42875.0
RefSim-W,1001,processing_mean,370.3488746355685
RefSim-W,1001,rework_rate,17.875218658892127
RefSim-W,1001,system_time_mean,1289.6572827988339
RefSim-W,1001,tech_availability,99.32359285809108
RefSim-W,1002,avg_breakdown_repair,1945.298969072165
RefSim-W,1002,buffer_time_mean,15.087657883532806
RefSim-W,1002,buffer_wait_mean,715.270353375278
RefSim-W,1002,cycle_time_mean,583.3558115331851
RefSim-W,1002,cycle_time_std,317.5059232066047
RefSim-W,1002,fe_cycle,63.52701890843724
RefSim-W,1002,fe_system,28.536969815503127
RefSim-W,1002,inline_wait_mean,212.7672548370311
RefSim-W,1002,multi_rework_rate,6.057524007758172
RefSim-W,1002,n_breakdowns,97.0
RefSim-W,1002,n_buffer_events,265294.0
RefSim-W,1002,n_valid,42278.0
RefSim-W,1002,processing_mean,370.588556696154
RefSim-W,1002,rework_rate,17.886371162306634
RefSim-W,1002,system_time_mean,1298.6261649084631
RefSim-W,1002,tech_availability,99.2172192353644
RefSim-W,1003,avg_breakdown_repair,1691.20202020202
RefSim-W,1003,buffer_time_mean,15.083900120025417
RefSim-W,1003,buffer_wait_mean,711.7860958791273
RefSim-W,1003,cycle_time_mean,579.476265562119
RefSim-W,1003,cycle_time_std,285.7222894331417
RefSim-W,1003,fe_cycle,63.9078216426698
RefSim-W,1003,fe_system,28.67973769820852
RefSim-W,1003,inline_wait_mean,209.14560730507637
RefSim-W,1003,multi_rework_rate,6.031865571532795
RefSim-W,1003,n_breakdowns,99.0
RefSim-W,1003,n_buffer_events,266585.0
RefSim-W,1003,n_valid,42491.0
RefSim-W,1003,processing_mean,370.33065825704267
RefSim-W,1003,rework_rate,17.70257230943023
RefSim-W,1003,system_time_mean,1291.2623614412464
RefSim-W,1003,tech_availability,99.3054352515598
RefSim-W,1004,avg_breakdown_repair,1980.68
RefSim-W,1004,buffer_time_mean,15.042656257348446
RefSim-W,1004,buffer_wait_mean,711.9142642148332
RefSim-W,1004,cycle_time_mean,587.5981282039223
RefSim-W,1004,cycle_time_std,441.8632037353751
RefSim-W,1004,fe_cycle,62.81171215307323
RefSim-W,1004,fe_system,28.401456350664887
RefSim-W,1004,inline_wait_mean,218.51768329962846
RefSim-W,1004,multi_rework_rate,5.895217043690919
RefSim-W,1004,n_breakdowns,100.0
RefSim-W,1004,n_buffer_events,266366.0
RefSim-W,1004,n_valid,42526.0
RefSim-W,1004,processing_mean,369.08044490429387
RefSim-W,1004,rework_rate,17.15421154117481
RefSim-W,1004,system_time_mean,1299.5123924187556
RefSim-W,1004,tech_availability,99.17833200584096
RefSim-W,1005,avg_breakdown_repair,1719.295918367347
RefSim-W,1005,buffer_time_mean,15.083942289675848
RefSim-W,1005,buffer_wait_mean,708.9431328461683
RefSim-W,1005,cycle_time_mean,587.2288738991944
RefSim-W,1005,cycle_time_std,441.1285922747931
RefSim-W,1005,fe_cycle,63.06014153295083
RefSim-W,1005,fe_system,28.56930693427122
RefSim-W,1005,inline_wait_mean,216.921514896009
RefSim-W,1005,multi_rework_rate,6.0310099306726626
RefSim-W,1005,n_breakdowns,98.0
RefSim-W,1005,n_buffer_events,267858.0
RefSim-W,1005,n_valid,42696.0
RefSim-W,1005,processing_mean,370.3073590031853
RefSim-W,1005,rework_rate,17.830710136780965
RefSim-W,1005,system_time_mean,1296.1720067453625
RefSim-W,1005,tech_availability,99.30102963626709
RefSim-W,1006,avg_breakdown_repair,2323.4747474747473
RefSim-W,1006,buffer_time_mean,15.071945549537459
RefSim-W,1006,buffer_wait_mean,724.4437281311413
RefSim-W,1006,cycle_time_mean,582.9466519675981
RefSim-W,1006,cycle_time_std,389.3286752372746
RefSim-W,1006,fe_cycle,63.45717683647185
RefSim-W,1006,fe_system,28.294646605356917
RefSim-W,1006,inline_wait_mean,213.02516416622728
RefSim-W,1006,multi_rework_rate,6.0777452907060345
RefSim-W,1006,n_breakdowns,99.0
RefSim-W,1006,n_buffer_events,261670.0
RefSim-W,1006,n_valid,41726.0
RefSim-W,1006,processing_mean,369.92148780137086
RefSim-W,1006,rework_rate,17.63169246992283
RefSim-W,1006,system_time_mean,1307.3903800987393
RefSim-W,1006,tech_availability,99.04576529934953
RefSim-W,1007,avg_breakdown_repair,1732.0865384615386
RefSim-W,1007,buffer_time_mean,15.080848073093593
RefSim-W,1007,buffer_wait_mean,709.0740072625044
RefSim-W,1007,cycle_time_mean,578.7616024364531
RefSim-W,1007,cycle_time_std,307.9760146250237
RefSim-W,1007,fe_cycle,63.99809362196001
RefSim-W,1007,fe_system,28.761154714600607
RefSim-W,1007,inline_wait_mean,208.36521026121588
RefSim-W,1007,multi_rework_rate,6.1590722736324235
RefSim-W,1007,n_breakdowns,104.0
RefSim-W,1007,n_buffer_events,267769.0
RefSim-W,1007,n_valid,42685.0
RefSim-W,1007,processing_mean,370.3963921752372
RefSim-W,1007,rework_rate,17.61508726718988
RefSim-W,1007,system_time_mean,1287.8356096989576
RefSim-W,1007,tech_availability,99.25271721093853
RefSim-W,1008,avg_breakdown_repair,1983.86
RefSim-W,1008,buffer_time_mean,15.055247834114473
RefSim-W,1008,buffer_wait_mean,716.1063532642144
RefSim-W,1008,cycle_time_mean,586.4970411399896
RefSim-W,1008,cycle_time_std,474.7461167570483
RefSim-W,1008,fe_cycle,62.95222607083929
RefSim-W,1008,fe_system,28.34423315825178
RefSim-W,1008,inline_wait_mean,217.28409790276004
RefSim-W,1008,multi_rework_rate,5.915352932822042
RefSim-W,1008,n_breakdowns,100.0
RefSim-W,1008,n_buffer_events,264755.0
RefSim-W,1008,n_valid,42246.0
RefSim-W,1008,processing_mean,369.2129432372296
RefSim-W,1008,rework_rate,17.480944941532925
RefSim-W,1008,system_time_mean,1302.603394404204
RefSim-W,1008,tech_availability,99.17701281030135
RefSim-W,1009,avg_breakdown_repair,1950.121212121212
RefSim-W,1009,buffer_time_mean,15.087183855016916
RefSim-W,1009,buffer_wait_mean,716.2155582369224
RefSim-W,1009,cycle_time_mean,586.1622542408971
RefSim-W,1009,cycle_time_std,329.0604556580757
RefSim-W,1009,fe_cycle,63.21173651843852
RefSim-W,1009,fe_system,28.44975829374442
RefSim-W,1009,inline_wait_mean,215.63891451960157
RefSim-W,1009,multi_rework_rate,6.087491423569215
RefSim-W,1009,n_breakdowns,99.0
RefSim-W,1009,n_buffer_events,265212.0
RefSim-W,1009,n_valid,42267.0
RefSim-W,1009,processing_mean,370.5233397212956
RefSim-W,1009,rework_rate,17.895757919890222
RefSim-W,1009,system_time_mean,1302.3778124778196
RefSim-W,1009,tech_availability,99.19909896455596
