system,component,station,head,brier_mean,brier_se,n,n_seeds,ece,top_bin_gap
GroundSim,transition,B1.1,,0.0,0.0,201012,10,0.0,0.0
GroundSim,transition,B1.2,,0.0,0.0,202293,10,0.0,0.0
GroundSim,transition,B2.1,,0.0,0.0,201003,10,0.0,0.0
GroundSim,transition,B2.2,,0.0,0.0,202297,10,0.0,0.0
GroundSim,transition,B3.1.1,,0.2573507053141767,0.0013621248947404908,200993,10,0.002731438408302744,0.0
GroundSim,transition,B3.1.2,,0.23926276924286105,0.000993718441068626,202296,10,0.0004913591964250945,0.0
GroundSim,transition,B3.2.1,,0.0,0.0,232418,10,0.0,0.0
GroundSim,transition,B3.2.2,,0.0,0.0,170865,10,0.0,0.0
GroundSim,transition,B4.1,,0.0,0.0,232415,10,0.0,0.0
GroundSim,transition,B4.2,,0.0,0.0,170868,10,0.0,0.0
GroundSim,transition,B5,,0.0,0.0,108430,10,0.0,0.0
GroundSim,transition,InputBuffer,,0.20039185087244898,0.0006806930874880088,403304,10,4.959038343284715e-06,0.0
GroundSim,transition,M1.1,,0.0,0.0,201007,10,0.0,0.0
GroundSim,transition,M1.2,,0.0,0.0,202299,10,0.0,0.0
GroundSim,transition,M2.1,,0.0,0.0,200996,10,0.0,0.0
GroundSim,transition,M2.2,,0.0,0.0,202298,10,0.0,0.0
GroundSim,transition,M3.1,,0.0,0.0,232416,10,0.0,0.0
GroundSim,transition,M3.2,,0.0,0.0,170868,10,0.0,0.0
GroundSim,transition,M4.1,,0.24223509970161095,0.0010517849727071948,232416,10,0.0011274180779293369,-0.0002803645401826538
GroundSim,transition,M4.2,,0.20884157586570087,0.0012243278481975086,170868,10,0.002566952267247222,-0.0020363992005782983
GroundSim,transition,M5,,0.3871424966016397,0.0007610717897136923,108429,10,0.002492137712235568,-0.00010397965290243061
GroundSim,transition,POOLED,,0.0740979135982344,0.00011694415252193402,4249791,10,0.0001712554805636889,-3.563242687509849e-05
GroundSim,arrival,,feature_a,0.27931681389627705,0.0007097174503031356,403306,10,0.0010079599661416074,0.0007500376959630461
GroundSim,arrival,,feature_b,0.5943574402878842,0.0004844910473721441,403306,10,0.001211850788123664,
GroundSim,arrival,,type,0.491810340716264,0.0008413820358251711,403306,10,0.0004011596133531377,
GroundSim,arrival,POOLED,,0.45516153163347506,0.0005613848098176209,1209918,10,0.0006574510770811818,0.0007500376959630461
DeepSim,transition,B1.1,,0.0,0.0,201012,10,0.0,0.0
DeepSim,transition,B1.2,,0.0,0.0,202293,10,0.0,0.0
DeepSim,transition,B2.1,,0.0,0.0,201003,10,0.0,0.0
DeepSim,transition,B2.2,,0.0,0.0,202297,10,0.0,0.0
DeepSim,transition,B3.1.1,,0.2576925505096875,0.0013621475472268476,200993,10,0.00724341553373389,0.00070008982348857
DeepSim,transition,B3.1.2,,0.2395855743063509,0.0009585639449116893,202296,10,0.008712517735268595,0.0005193910798620971
DeepSim,transition,B3.2.1,,0.0,0.0,232418,10,0.0,0.0
DeepSim,transition,B3.2.2,,0.0,0.0,170865,10,0.0,0.0
DeepSim,transition,B4.1,,0.0,0.0,232415,10,0.0,0.0
DeepSim,transition,B4.2,,0.0,0.0,170868,10,0.0,0.0
DeepSim,transition,B5,,0.0,0.0,108430,10,0.0,0.0
DeepSim,transition,InputBuffer,,0.023256214306747798,0.00013572206253589694,403304,10,0.0013469797032484992,0.0008805498466166739
DeepSim,transition,M1.1,,0.0,0.0,201007,10,0.0,0.0
DeepSim,transition,M1.2,,0.0,0.0,202299,10,0.0,0.0
DeepSim,transition,M2.1,,0.0,0.0,200996,10,0.0,0.0
DeepSim,transition,M2.2,,0.0,0.0,202298,10,0.0,0.0
DeepSim,transition,M3.1,,0.0,0.0,232416,10,0.0,0.0
DeepSim,transition,M3.2,,0.0,0.0,170868,10,0.0,0.0
DeepSim,transition,M4.1,,0.24252989828937715,0.0010543433122248355,232416,10,0.003978836150491384,0.00029044579814330174
DeepSim,transition,M4.2,,0.20901196970115704,0.0012180510610282367,170868,10,0.004482066601038306,-0.0007961191083051267
DeepSim,transition,M5,,0.38788765614483756,0.0007467817929958602,108429,10,0.0068036041446975426,0.005452570172178484
DeepSim,transition,POOLED,,0.057361446477702596,9.21898259833713e-05,4249791,10,0.0011647320490849428,0.00013083532683011434
DeepSim,arrival,,feature_a,0.2985416537702961,0.0007873637129739637,403306,10,0.004392146907089578,-0.006918784593207716
DeepSim,arrival,,feature_b,0.616691762347938,0.0005242323080984718,403306,10,0.007068552874641266,
DeepSim,arrival,,type,0.5424317908720041,0.0008558303166089306,403306,10,0.00936984374341353,
DeepSim,arrival,POOLED,,0.4858884023300794,0.0005563533096394766,1209918,10,0.004053837999577287,-0.006918784593207716
RefSim-M,transition,B1.1,,0.0,0.0,201012,10,0.0,0.0
RefSim-M,transition,B1.2,,0.0,0.0,202293,10,0.0,0.0
RefSim-M,transition,B2.1,,0.0,0.0,201003,10,0.0,0.0
RefSim-M,transition,B2.2,,0.0,0.0,202297,10,0.0,0.0
RefSim-M,transition,B3.1.1,,0.4998833796326963,5.065395474005888e-05,200993,10,0.0006314702216742019,
RefSim-M,transition,B3.1.2,,0.4489174781976243,0.0010594577741676887,202296,10,0.0009897815245574204,
RefSim-M,transition,B3.2.1,,0.0,0.0,232418,10,0.0,0.0
RefSim-M,transition,B3.2.2,,0.0,0.0,170865,10,0.0,0.0
RefSim-M,transition,B4.1,,0.0,0.0,232415,10,0.0,0.0
RefSim-M,transition,B4.2,,0.0,0.0,170868,10,0.0,0.0
RefSim-M,transition,B5,,0.0,0.0,108430,10,0.0,0.0
RefSim-M,transition,InputBuffer,,0.4999967413075816,3.925221973885887e-06,403304,10,0.000903736751797446,
RefSim-M,transition,M1.1,,0.0,0.0,201007,10,0.0,0.0
RefSim-M,transition,M1.2,,0.0,0.0,202299,10,0.0,0.0
RefSim-M,transition,M2.1,,0.0,0.0,200996,10,0.0,0.0
RefSim-M,transition,M2.2,,0.0,0.0,202298,10,0.0,0.0
RefSim-M,transition,M3.1,,0.0,0.0,232416,10,0.0,0.0
RefSim-M,transition,M3.2,,0.0,0.0,170868,10,0.0,0.0
RefSim-M,transition,M4.1,,0.3152320022324436,0.001167347639312757,232416,10,0.0008877490153217371,
RefSim-M,transition,M4.2,,0.2545883969250399,0.0014315500593754748,170868,10,0.0012312574438149149,
RefSim-M,transition,M5,,0.45130547856434405,0.0005346418836698595,108429,10,0.0005389767224457387,
RefSim-M,transition,POOLED,,0.13144986335027625,5.7056617040087317e-05,4249791,10,0.00011771979487385721,0.0
RefSim-M,arrival,,feature_a,0.4900014296447816,0.00019668579801638078,403306,10,0.0006281837328375728,
RefSim-M,arrival,,feature_b,0.7250268247772396,0.0003086246779128472,403306,10,0.0009531895954695835,
RefSim-M,arrival,,type,0.6598385596581778,0.00027714452110739687,403306,10,0.000249740633412765,
RefSim-M,arrival,POOLED,,0.6249556046933996,0.00017067781108028753,1209918,10,0.000610371320573307,
RefSim-V,transition,B1.1,,0.0,0.0,201012,10,0.0,0.0
RefSim-V,transition,B1.2,,0.0,0.0,202293,10,0.0,0.0
RefSim-V,transition,B2.1,,0.0,0.0,201003,10,0.0,0.0
RefSim-V,transition,B2.2,,0.0,0.0,202297,10,0.0,0.0
RefSim-V,transition,B3.1.1,,0.25740335102145473,0.0013624608483287443,200993,10,0.0034897411816446214,0.0
RefSim-V,transition,B3.1.2,,0.23928209621439897,0.0009891584444033754,202296,10,0.001599407508212337,0.0
RefSim-V,transition,B3.2.1,,0.0,0.0,232418,10,0.0,0.0
RefSim-V,transition,B3.2.2,,0.0,0.0,170865,10,0.0,0.0
RefSim-V,transition,B4.1,,0.0,0.0,232415,10,0.0,0.0
RefSim-V,transition,B4.2,,0.0,0.0,170868,10,0.0,0.0
RefSim-V,transition,B5,,0.0,0.0,108430,10,0.0,0.0
RefSim-V,transition,InputBuffer,,0.20039120604397706,0.0006821713885418623,403304,10,0.0007116438706616134,0.0
RefSim-V,transition,M1.1,,0.0,0.0,201007,10,0.0,0.0
RefSim-V,transition,M1.2,,0.0,0.0,202299,10,0.0,0.0
RefSim-V,transition,M2.1,,0.0,0.0,200996,10,0.0,0.0
RefSim-V,transition,M2.2,,0.0,0.0,202298,10,0.0,0.0
RefSim-V,transition,M3.1,,0.0,0.0,232416,10,0.0,0.0
RefSim-V,transition,M3.2,,0.0,0.0,170868,10,0.0,0.0
RefSim-V,transition,M4.1,,0.24226386323894838,0.0010537938797546315,232416,10,0.0018844510782449135,-0.00011952501983869546
RefSim-V,transition,M4.2,,0.20884913342425926,0.0012219368267701045,170868,10,0.0032164439962121356,-0.0015233768462223907
RefSim-V,transition,M5,,0.4256416826758156,0.0007748499414344515,108429,10,0.003374672264615251,-0.00681641514810849
RefSim-V,transition,POOLED,,0.07508530455173021,0.00011870202460601992,4249791,10,0.0003642592599777493,-2.8803786707221057e-05
RefSim-V,arrival,,feature_a,0.4900014296447816,0.00019668579801638078,403306,10,0.0006281837328375728,
RefSim-V,arrival,,feature_b,0.7250268247772396,0.0003086246779128472,403306,10,0.0009531895954695835,
RefSim-V,arrival,,type,0.6598385596581778,0.00027714452110739687,403306,10,0.000249740633412765,
RefSim-V,arrival,POOLED,,0.6249556046933996,0.00017067781108028753,1209918,10,0.000610371320573307,
RefSim-W,transition,B1.1,,0.0,0.0,201012,10,0.0,0.0
RefSim-W,transition,B1.2,,0.0,0.0,202293,10,0.0,0.0
RefSim-W,transition,B2.1,,0.0,0.0,201003,10,0.0,0.0
RefSim-W,transition,B2.2,,0.0,0.0,202297,10,0.0,0.0
RefSim-W,transition,B3.1.1,,0.4998833796326963,5.065395474005888e-05,200993,10,0.0006314702216742019,
RefSim-W,transition,B3.1.2,,0.4489174781976243,0.0010594577741676887,202296,10,0.0009897815245574204,
RefSim-W,transition,B3.2.1,,0.0,0.0,232418,10,0.0,0.0
RefSim-W,transition,B3.2.2,,0.0,0.0,170865,10,0.0,0.0
RefSim-W,transition,B4.1,,0.0,0.0,232415,10,0.0,0.0
RefSim-W,transition,B4.2,,0.0,0.0,170868,10,0.0,0.0
RefSim-W,transition,B5,,0.0,0.0,108430,10,0.0,0.0
RefSim-W,transition,InputBuffer,,0.4999967413075816,3.925221973885887e-06,403304,10,0.000903736751797446,
RefSim-W,transition,M1.1,,0.0,0.0,201007,10,0.0,0.0
RefSim-W,transition,M1.2,,0.0,0.0,202299,10,0.0,0.0
RefSim-W,transition,M2.1,,0.0,0.0,200996,10,0.0,0.0
RefSim-W,transition,M2.2,,0.0,0.0,202298,10,0.0,0.0
RefSim-W,transition,M3.1,,0.0,0.0,232416,10,0.0,0.0
RefSim-W,transition,M3.2,,0.0,0.0,170868,10,0.0,0.0
RefSim-W,transition,M4.1,,0.3152320022324436,0.001167347639312757,232416,10,0.0008877490153217371,
RefSim-W,transition,M4.2,,0.2545883969250399,0.0014315500593754748,170868,10,0.0012312574438149149,
RefSim-W,transition,M5,,0.45130547856434405,0.0005346418836698595,108429,10,0.0005389767224457387,
RefSim-W,transition,POOLED,,0.13144986335027625,5.7056617040087317e-05,4249791,10,0.00011771979487385721,0.0
RefSim-W,arrival,,feature_a,0.4900014296447816,0.00019668579801638078,403306,10,0.0006281837328375728,
RefSim-W,arrival,,feature_b,0.7250268247772396,0.0003086246779128472,403306,10,0.0009531895954695835,
RefSim-W,arrival,,type,0.6598385596581778,0.00027714452110739687,403306,10,0.000249740633412765,
RefSim-W,arrival,POOLED,,0.6249556046933996,0.00017067781108028753,1209918,10,0.000610371320573307,
