system,component,station,head,crps_mean,crps_se,n_crps,n_seeds_crps,nll_mean,nll_se,n_nll,n_seeds_nll,n_censored_excl_crps,crps_paired_diff,crps_paired_se,n_seeds_paired_crps,nll_paired_diff,nll_paired_se,n_seeds_paired_nll
GroundSim,processing,M1.1,,0.8280720326009628,0.001798822913090949,201008,10,1.745751019515651,0.0019087444546344872,201008,10,0,,,,,,
GroundSim,processing,M1.2,,1.2967409246691586,0.0019155821273451456,202296,10,2.1632456956512813,0.001670977078268004,202296,10,0,,,,,,
GroundSim,processing,M2.1,,0.8941399851697618,0.0015105763918669332,200996,10,1.8104500096257001,0.0013541399068702819,200996,10,0,,,,,,
GroundSim,processing,M2.2,,1.119080727518962,0.0034758783804925302,202294,10,1.9987565073989721,0.002303246337988603,202294,10,0,,,,,,
GroundSim,processing,M3.1,,1.358671751690112,0.0034940846631896197,232416,10,2.1699679367162155,0.002523273438236354,232416,10,0,,,,,,
GroundSim,processing,M3.2,,1.1796036413921651,0.002172368815398333,170867,10,2.082805437852108,0.0017440052193137354,170867,10,0,,,,,,
GroundSim,processing,M4.1,,0.9483895062458997,0.0024014749173486873,232414,10,1.8210548244443712,0.002286782073223099,232414,10,0,,,,,,
GroundSim,processing,M4.2,,0.8464910463432002,0.0014857620660026973,170868,10,1.7566744781236643,0.001889104573259426,170868,10,0,,,,,,
GroundSim,processing,M5,,14.375360779209094,0.03228777963432386,108425,10,4.4705045020721075,0.0029135624080932634,108425,10,0,,,,,,
GroundSim,processing,POOLED,,1.9029248177678368,0.004159566904005788,1721584,10,2.105683896916166,0.0011427882790428308,1721584,10,0,,,,,,
GroundSim,survival,M1.1,,10405.59417542652,1176.716724879808,164,10,10.312109138256876,0.10353765857938942,174,10,10,,,,,,
GroundSim,survival,M1.2,,16460.958359932058,1711.8163304141679,131,10,10.514475860097793,0.08453496304978557,141,10,10,,,,,,
GroundSim,survival,M2.1,,22833.39300285681,4021.609746003953,54,10,9.966457053097162,0.11580881311422164,64,10,10,,,,,,
GroundSim,survival,M2.2,,25436.75251688209,4619.981429471893,60,10,10.182479337706747,0.13464872278225823,70,10,10,,,,,,
GroundSim,survival,M3.1,,19284.93395094237,2382.9756747608712,129,10,10.764446088962206,0.11949362416013351,139,10,10,,,,,,
GroundSim,survival,M3.2,,16482.972484696045,2765.302807944022,106,10,10.499250618406839,0.14446351917108527,116,10,10,,,,,,
GroundSim,survival,M4.1,,17804.48559376687,1891.6300266385736,94,10,10.388202248284731,0.06264091939683125,104,10,10,,,,,,
GroundSim,survival,M4.2,,27504.939461048412,6809.70657323516,58,10,9.9956091680846,0.19906266699368447,68,10,10,,,,,,
GroundSim,survival,M5,,25104.005185655074,4676.131490820793,46,10,9.986212911242264,0.2712237151747045,55,10,9,,,,,,
GroundSim,survival,POOLED,,18936.176879690145,680.0949046957077,842,10,10.394448375715594,0.033987965589847666,931,10,89,,,,,,
GroundSim,repair,M1.1,,920.5550299138253,64.89121361794767,174,10,8.487002352769519,0.08925069876446867,174,10,0,,,,,,
GroundSim,repair,M1.2,,692.1800514840576,81.54389629477255,141,10,8.211933419393372,0.12334172473952622,141,10,0,,,,,,
GroundSim,repair,M2.1,,1399.2464862129732,148.5746932250147,64,10,8.949290616063353,0.10032458521922465,64,10,0,,,,,,
GroundSim,repair,M2.2,,1550.2906434074994,306.4881469527912,70,10,9.012652908338426,0.16345413067646908,70,10,0,,,,,,
GroundSim,repair,M3.1,,1035.0684166928656,101.72933236573593,139,10,8.526343283538852,0.12028328342551137,139,10,0,,,,,,
GroundSim,repair,M3.2,,1192.9849305791183,64.20774778201981,116,10,8.762250406658417,0.08005988964452047,116,10,0,,,,,,
GroundSim,repair,M4.1,,358.53419286084744,35.34025005884756,104,10,7.601745575763164,0.10855121952435354,104,10,0,,,,,,
GroundSim,repair,M4.2,,756.6795829194782,121.62828192928355,68,10,8.301983530940774,0.16255536362366477,68,10,0,,,,,,
GroundSim,repair,M5,,2366.0683453810466,565.5067826851352,56,10,9.503360395793495,0.2323942053924459,56,10,0,,,,,,
GroundSim,repair,POOLED,,1020.6860657548116,53.433483857886166,932,10,8.494919941107998,0.05593731455575676,932,10,0,,,,,,
DeepSim,processing,M1.1,,0.828723237755605,0.0017932137092080635,201008,10,1.7465637889733254,0.0018970432487786053,201008,10,0,0.0006512051546420427,6.044056977000175e-05,10.0,0.0008127694576749,7.298057538615505e-05,10.0
DeepSim,processing,M1.2,,1.2974527396913582,0.0019047566247052123,202296,10,2.164052124575995,0.0016685539807003327,202296,10,0,0.0007118150221995468,0.00011494159462887978,10.0,0.0008064289247139645,0.00010799184717233003,10.0
DeepSim,processing,M2.1,,0.8946782283537905,0.0015104711830692774,200996,10,1.8111558382027149,0.0013498893412465345,200996,10,0,0.000538243184028564,7.187728249559853e-05,10.0,0.0007058285770146888,7.612428863375061e-05,10.0
DeepSim,processing,M2.2,,1.1199022182799443,0.00344627725651431,202294,10,1.9996757800631095,0.0022588163899062304,202294,10,0,0.0008214907609820132,6.70295189533978e-05,10.0,0.0009192726641369386,8.623680368290184e-05,10.0
DeepSim,processing,M3.1,,1.3596013254656616,0.003524784400276445,232416,10,2.1707213039124653,0.0025142163887365014,232416,10,0,0.0009295737755494971,5.5537991600415745e-05,10.0,0.0007533671962498545,3.886520480953986e-05,10.0
DeepSim,processing,M3.2,,1.1806018812458545,0.002148095679605953,170867,10,2.0837097684098205,0.001698784871036864,170867,10,0,0.00099823985368932,0.0001402992120050581,10.0,0.0009043305577121075,0.00011024203876509039,10.0
DeepSim,processing,M4.1,,0.9491225737030817,0.0023647708828724336,232414,10,1.8218143868884282,0.002260243006810365,232414,10,0,0.0007330674571820351,7.555797991084506e-05,10.0,0.0007595624440569048,7.003847716233733e-05,10.0
DeepSim,processing,M4.2,,0.8474797263702293,0.0014552012663608647,170868,10,1.7579447567588584,0.0018514715395907071,170868,10,0,0.0009886800270291762,0.00012199642359476507,10.0,0.0012702786351941552,0.00012087980732445599,10.0
DeepSim,processing,M5,,14.401940593610316,0.033804723691040345,108425,10,4.472319766020783,0.0030138305320151727,108425,10,0,0.026579814401220325,0.003488136145453551,10.0,0.0018152639486748612,0.00013912244103215127,10.0
DeepSim,processing,POOLED,,1.905341296252006,0.004238823863920856,1721584,10,2.1065983353967646,0.0011362516283520078,1721584,10,0,0.0024164784841691268,0.00022247188644198624,10.0,0.0009144384805984896,3.2258213881184975e-05,10.0
DeepSim,survival,M1.1,,11484.66946775477,979.1743358837041,164,10,10.845657027033866,0.12827267043708415,174,10,10,1079.0752923282498,266.2194818458388,10.0,0.533547888776989,0.0725756068555978,10.0
DeepSim,survival,M1.2,,18399.760478573426,1652.7959408835723,131,10,11.318579120935805,0.19758623979204104,141,10,10,1938.8021186413694,282.9133938421657,10.0,0.8041032608380128,0.1650567407392787,10.0
DeepSim,survival,M2.1,,28433.04490555293,4021.94801492035,54,10,10.555178029793364,0.33248072290031544,64,10,10,5599.651902696122,2826.538299064733,10.0,0.5887209766962018,0.2633230037360545,10.0
DeepSim,survival,M2.2,,27891.66492994096,4811.621397105555,60,10,10.686749290717575,0.3712975904681951,70,10,10,2454.9124130588702,1003.9848068903508,10.0,0.5042699530108272,0.2852969511560946,10.0
DeepSim,survival,M3.1,,21279.657929506557,1800.3669396512641,129,10,11.171646586386114,0.14308310609647593,139,10,10,1994.7239785641887,862.7833832484197,10.0,0.40720049742390607,0.07746388567425833,10.0
DeepSim,survival,M3.2,,17629.289143097016,2906.2088774244844,106,10,11.070949165134833,0.3703357564256096,116,10,10,1146.3166584009698,523.0806529584574,10.0,0.571698546727994,0.3047237014415274,10.0
DeepSim,survival,M4.1,,20031.10145422113,1961.0405117820515,94,10,11.064563018834086,0.2827896234062492,104,10,10,2226.6158604542593,405.0281994743042,10.0,0.6763607705493546,0.2595804398835641,10.0
DeepSim,survival,M4.2,,29370.5940834212,6287.713011007519,58,10,10.949252011250653,0.5716501275425205,68,10,10,1865.6546223727805,801.7502459629548,10.0,0.9536428431660534,0.3953649734997764,10.0
DeepSim,survival,M5,,28768.414121692505,3903.8364988960684,46,10,10.222374886077166,0.30720288223239645,55,10,9,3664.4089360374373,2338.044478328345,10.0,0.23616197483490123,0.09786447216289755,10.0
DeepSim,survival,POOLED,,20938.209882675037,832.7278069141379,842,10,11.017590973050568,0.07439170144062937,931,10,89,2002.0330029848894,333.71182252561425,10.0,0.6231425973349728,0.07034436268629082,10.0
DeepSim,repair,M1.1,,945.955676561349,71.40451854458546,174,10,8.519119788514027,0.09888174405964972,174,10,0,25.400646647523548,9.486354574493696,10.0,0.032117435744508246,0.010449861833070253,10.0
DeepSim,repair,M1.2,,690.2775098418967,76.392601114118,141,10,8.202723343658537,0.10980346166867935,141,10,0,-1.9025416421609465,5.64381903057919,10.0,-0.009210075734833633,0.014092652896808007,10.0
DeepSim,repair,M2.1,,1428.2289540978793,161.27184819932407,64,10,8.98133177404526,0.11155906153524689,64,10,0,28.9824678849061,18.61247063442399,10.0,0.0320411579819071,0.019259074851903417,10.0
DeepSim,repair,M2.2,,1552.3960242606959,299.4184637797596,70,10,9.019452616640113,0.1601803369194604,70,10,0,2.1053808531964817,13.890061926862213,10.0,0.006799708301685037,0.013627933044630794,10.0
DeepSim,repair,M3.1,,1039.43426627402,105.70527669698616,139,10,8.5339055811993,0.1248204440029565,139,10,0,4.365849581154498,5.174443544819396,10.0,0.007562297660448891,0.005572420333660805,10.0
DeepSim,repair,M3.2,,1216.549630996974,87.29096897726372,116,10,8.779006842065595,0.09864659186298894,116,10,0,23.56470041785576,25.959647975764288,10.0,0.01675643540717644,0.0197904651144789,10.0
DeepSim,repair,M4.1,,378.44596876108244,28.54102468845098,104,10,7.640703320066625,0.09056277446692795,104,10,0,19.91177590023501,7.754947094136746,10.0,0.038957744303461085,0.01828992012631051,10.0
DeepSim,repair,M4.2,,764.3268405963819,129.91569482910026,68,10,8.304752122127278,0.1744290237896056,68,10,0,7.647257676903661,10.105614114005379,10.0,0.0027685911865026115,0.013794137473228236,10.0
DeepSim,repair,M5,,2475.856909122624,597.9223078296184,56,10,9.594253873735491,0.2596934680035931,56,10,0,109.78856374157726,51.15004804603705,10.0,0.09089347794199724,0.04486872016013728,10.0
DeepSim,repair,POOLED,,1040.735900157682,56.29590984196322,932,10,8.515815184942047,0.05585381341967099,932,10,0,20.049834402870317,4.106870267114168,10.0,0.020895243834049636,0.0035558832659532197,10.0
RefSim-M,processing,M1.1,,3.8974053745018096,0.005877245193652757,201008,10,3.350941176527647,0.0016183226856120827,201008,10,0,3.069333341900847,0.006231981643411009,10.0,1.605190157011996,0.002768283132322907,10.0
RefSim-M,processing,M1.2,,4.182743982436175,0.008533479323441924,202296,10,3.417913736975078,0.00212702242209728,202296,10,0,2.886003057767017,0.008839541907533537,10.0,1.2546680413237965,0.0031339112141056747,10.0
RefSim-M,processing,M2.1,,4.865855750412476,0.008388055684986203,200996,10,3.568244134387278,0.0018607315528478786,200996,10,0,3.9717157652427133,0.008329822545601807,10.0,1.757794124761578,0.002261880085179979,10.0
RefSim-M,processing,M2.2,,5.031486488019285,0.010342689409116089,202294,10,3.5936699054206813,0.0019263721683173145,202294,10,0,3.9124057605003224,0.010288156319366566,10.0,1.5949133980217092,0.002703853076022947,10.0
RefSim-M,processing,M3.1,,7.275291236817983,0.014039894546471851,232416,10,3.9590453347631174,0.0018846049139878325,232416,10,0,5.916619485127872,0.014099231395525203,10.0,1.7890773980469021,0.002963655149947689,10.0
RefSim-M,processing,M3.2,,5.4708130923395055,0.013841976901660917,170867,10,3.7019960870274056,0.0027213488138550404,170867,10,0,4.29120945094734,0.013580878152496657,10.0,1.6191906491752974,0.0030196790799931067,10.0
RefSim-M,processing,M4.1,,5.666942608109249,0.009621264096312619,232414,10,3.7023531402726384,0.0016267245098742999,232414,10,0,4.718553101863349,0.009518238107962984,10.0,1.881298315828267,0.002697794443799066,10.0
RefSim-M,processing,M4.2,,4.564453713003968,0.010525300311363629,170868,10,3.5197875482721104,0.0023204924192617906,170868,10,0,3.7179626666607675,0.010639055504722234,10.0,1.7631130701484452,0.003005111254248364,10.0
RefSim-M,processing,M5,,24.19926168772051,0.052349300521394575,108425,10,5.172679518191537,0.0021882536058843442,108425,10,0,9.823900908511416,0.03802535554343822,10.0,0.7021750161194288,0.0027812081448617986,10.0
RefSim-M,processing,POOLED,,6.373212791176323,0.0059862302183070325,1721584,10,3.7085770321080025,0.0010340986235176902,1721584,10,0,4.470287973408487,0.005985805940031799,10.0,1.6028931351918363,0.0015403093045490432,10.0
RefSim-M,survival,M1.1,,23997.035884404173,261.3988489186989,164,10,11.723487361628822,0.0075612335334121015,174,10,10,13591.44170897765,1209.0639864952282,10.0,1.4113782233719452,0.1094037884778156,10.0
RefSim-M,survival,M1.2,,37288.41268559246,291.25393566532506,131,10,11.966454344723225,0.008251511747744073,141,10,10,20827.45432566041,1631.4821452040553,10.0,1.4519784846254302,0.08570853689781227,10.0
RefSim-M,survival,M2.1,,59598.60781484664,1017.9205842440844,54,10,11.338062505864709,0.029931367646088138,64,10,10,36765.214811989834,3381.4178837228683,10.0,1.3716054527675474,0.09972789121788464,10.0
RefSim-M,survival,M2.2,,60752.78745439934,1614.7295285282455,60,10,11.498902147383221,0.03854133447271494,70,10,10,35316.03493751724,3838.065084394234,10.0,1.316422809676474,0.10898765300889046,10.0
RefSim-M,survival,M3.1,,42412.25370587844,667.9249229896338,129,10,12.085921728109678,0.006135695933442127,139,10,10,23127.319754936063,2775.823452654878,10.0,1.3214756391474733,0.1248320899360017,10.0
RefSim-M,survival,M3.2,,36079.50062996076,845.6958848313008,106,10,11.764991719924542,0.009815023862227745,116,10,10,19596.52814526472,2355.3008365544256,10.0,1.2657411015177027,0.14316192345167678,10.0
RefSim-M,survival,M4.1,,43415.769332563556,698.4772918586636,94,10,11.789191741979547,0.007454807348682507,104,10,10,25611.283738796683,1615.4560237045957,10.0,1.4009894936948168,0.0647192617873852,10.0
RefSim-M,survival,M4.2,,51097.563622654714,1693.7719737300004,58,10,11.179211586850053,0.05107476010316045,68,10,10,23592.62416160629,5334.6971640982765,10.0,1.183602418765453,0.15291194682603831,10.0
RefSim-M,survival,M5,,62647.72322401402,1203.8035226005359,46,10,11.266041717827168,0.2567729597463911,55,10,9,37543.71803835895,5122.581386167465,10.0,1.2798288065849044,0.19880227420951466,10.0
RefSim-M,survival,POOLED,,41505.69884199683,413.7126387921647,842,10,11.71958925685006,0.017133462080720807,931,10,89,22569.521962306684,579.1657238796014,10.0,1.3251408811344645,0.03386467933691226,10.0
RefSim-M,repair,M1.1,,964.3777515777562,70.42705373018634,174,10,8.552415972355034,0.09162049243825578,174,10,0,43.822721663930736,14.543882319382636,10.0,0.06541361958551697,0.02036764154288549,10.0
RefSim-M,repair,M1.2,,701.3493275981511,75.09020146203648,141,10,8.222735725925368,0.1051425503252903,141,10,0,9.169276114093549,10.511659858561208,10.0,0.010802306531996386,0.0239398559311929,10.0
RefSim-M,repair,M2.1,,1420.627361148455,164.03599011044201,64,10,8.976096950601496,0.11622590485310376,64,10,0,21.38087493548186,25.88844587502789,10.0,0.02680633453814334,0.022962408549824,10.0
RefSim-M,repair,M2.2,,1602.0554892738191,286.8578167163836,70,10,9.03788244701072,0.14607346232782023,70,10,0,51.764845866319625,36.86810830412003,10.0,0.025229538672293474,0.02587246339610123,10.0
RefSim-M,repair,M3.1,,1061.621768959005,103.76508834316155,139,10,8.562165646997782,0.11875669504433702,139,10,0,26.553352266139473,15.512194778619184,10.0,0.03582236345893284,0.02063444191731254,10.0
RefSim-M,repair,M3.2,,1228.2591407026919,64.53538028038402,116,10,8.797608400518438,0.08336746474078686,116,10,0,35.274210123573525,18.34680565111668,10.0,0.03535799386002072,0.016778637028251324,10.0
RefSim-M,repair,M4.1,,356.51637944408606,43.08501190573649,104,10,7.604151575784994,0.11837169102982849,104,10,0,-2.0178134167613395,10.744193035808548,10.0,0.0024060000218287135,0.029712166159502923,10.0
RefSim-M,repair,M4.2,,823.2166470617631,139.71147185869273,68,10,8.40608923245597,0.17756642412804877,68,10,0,66.53706414228486,25.90096974974453,10.0,0.10410570151519556,0.039972295081858525,10.0
RefSim-M,repair,M5,,2415.6729790865647,563.9566969915231,56,10,9.53329656422451,0.22267160955538393,56,10,0,49.60463370551813,50.840108885792574,10.0,0.029936168431016697,0.028341703208344532,10.0
RefSim-M,repair,POOLED,,1052.9389674078918,52.101308292507824,932,10,8.533856038381023,0.052653439330193764,932,10,0,32.25290165308046,8.729713288548197,10.0,0.038936097273026424,0.011178709171294047,10.0
RefSim-V,processing,M1.1,,2.586805564730164,0.0030357594620850125,201008,10,2.909909959961465,0.0010601904753837434,201008,10,0,1.7587335321292006,0.0029934414558248456,10.0,1.1641589404458141,0.0017797057245484123,10.0
RefSim-V,processing,M1.2,,3.398338695917613,0.0054802287521517985,202296,10,3.186786609397744,0.0014982109844993894,202296,10,0,2.1015977712484544,0.005394638204020011,10.0,1.0235409137464622,0.002304028658496265,10.0
RefSim-V,processing,M2.1,,2.7820507761088074,0.005294474540554678,200996,10,2.9802369998772322,0.0017028889142594527,200996,10,0,1.8879107909390451,0.004662299938106666,10.0,1.1697869902515317,0.0014963940311260445,10.0
RefSim-V,processing,M2.2,,2.8866602072724405,0.004327359289669969,202294,10,3.017711875407408,0.001308865763210286,202294,10,0,1.7675794797534778,0.005565004107265298,10.0,1.0189553680084356,0.002518706735050126,10.0
RefSim-V,processing,M3.1,,3.682096965556043,0.005010607414248022,232416,10,3.2556149168743005,0.0012169097419736914,232416,10,0,2.323425213865931,0.005140853206588934,10.0,1.085646980158085,0.002632478671554574,10.0
RefSim-V,processing,M3.2,,3.4533985650822623,0.008360911537735572,170867,10,3.1978904385817177,0.002194253222973636,170867,10,0,2.2737949236900965,0.0071293151423613334,10.0,1.1150850007296094,0.0012266493164318879,10.0
RefSim-V,processing,M4.1,,2.5597711229198805,0.004910215458705817,232414,10,2.890384249123864,0.001741785131884597,232414,10,0,1.611381616673981,0.0032852689660216633,10.0,1.0693294246794927,0.0014745286369284652,10.0
RefSim-V,processing,M4.2,,2.471579002697598,0.004011746710902575,170868,10,2.861460230425766,0.0014777284994000152,170868,10,0,1.6250879563543983,0.0037916368042919695,10.0,1.1047857523021019,0.0017566656727862695,10.0
RefSim-V,processing,M5,,14.972612625642489,0.03432294926940972,108425,10,4.538106617862551,0.003192959563373017,108425,10,0,0.5972518464333959,0.012716710322246989,10.0,0.06760211579044233,0.0014201723274280317,10.0
RefSim-V,processing,POOLED,,3.739119132841362,0.003942456076818428,1721584,10,3.1336846701307044,0.000920336148639844,1721584,10,0,1.836194315073525,0.0027735331716259404,10.0,1.0280007732145384,0.001042528406925115,10.0
RefSim-V,survival,M1.1,,23997.035884404173,261.3988489186989,164,10,11.723487361628822,0.0075612335334121015,174,10,10,13591.44170897765,1209.0639864952282,10.0,1.4113782233719452,0.1094037884778156,10.0
RefSim-V,survival,M1.2,,37288.41268559246,291.25393566532506,131,10,11.966454344723225,0.008251511747744073,141,10,10,20827.45432566041,1631.4821452040553,10.0,1.4519784846254302,0.08570853689781227,10.0
RefSim-V,survival,M2.1,,59598.60781484664,1017.9205842440844,54,10,11.338062505864709,0.029931367646088138,64,10,10,36765.214811989834,3381.4178837228683,10.0,1.3716054527675474,0.09972789121788464,10.0
RefSim-V,survival,M2.2,,60752.78745439934,1614.7295285282455,60,10,11.498902147383221,0.03854133447271494,70,10,10,35316.03493751724,3838.065084394234,10.0,1.316422809676474,0.10898765300889046,10.0
RefSim-V,survival,M3.1,,42412.25370587844,667.9249229896338,129,10,12.085921728109678,0.006135695933442127,139,10,10,23127.319754936063,2775.823452654878,10.0,1.3214756391474733,0.1248320899360017,10.0
RefSim-V,survival,M3.2,,36079.50062996076,845.6958848313008,106,10,11.764991719924542,0.009815023862227745,116,10,10,19596.52814526472,2355.3008365544256,10.0,1.2657411015177027,0.14316192345167678,10.0
RefSim-V,survival,M4.1,,43415.769332563556,698.4772918586636,94,10,11.789191741979547,0.007454807348682507,104,10,10,25611.283738796683,1615.4560237045957,10.0,1.4009894936948168,0.0647192617873852,10.0
RefSim-V,survival,M4.2,,51097.563622654714,1693.7719737300004,58,10,11.179211586850053,0.05107476010316045,68,10,10,23592.62416160629,5334.6971640982765,10.0,1.183602418765453,0.15291194682603831,10.0
RefSim-V,survival,M5,,62647.72322401402,1203.8035226005359,46,10,11.266041717827168,0.2567729597463911,55,10,9,37543.71803835895,5122.581386167465,10.0,1.2798288065849044,0.19880227420951466,10.0
RefSim-V,survival,POOLED,,41505.69884199683,413.7126387921647,842,10,11.71958925685006,0.017133462080720807,931,10,89,22569.521962306684,579.1657238796014,10.0,1.3251408811344645,0.03386467933691226,10.0
RefSim-V,repair,M1.1,,964.3777515777562,70.42705373018634,174,10,8.552415972355034,0.09162049243825578,174,10,0,43.822721663930736,14.543882319382636,10.0,0.06541361958551697,0.02036764154288549,10.0
RefSim-V,repair,M1.2,,701.3493275981511,75.09020146203648,141,10,8.222735725925368,0.1051425503252903,141,10,0,9.169276114093549,10.511659858561208,10.0,0.010802306531996386,0.0239398559311929,10.0
RefSim-V,repair,M2.1,,1420.627361148455,164.03599011044201,64,10,8.976096950601496,0.11622590485310376,64,10,0,21.38087493548186,25.88844587502789,10.0,0.02680633453814334,0.022962408549824,10.0
RefSim-V,repair,M2.2,,1602.0554892738191,286.8578167163836,70,10,9.03788244701072,0.14607346232782023,70,10,0,51.764845866319625,36.86810830412003,10.0,0.025229538672293474,0.02587246339610123,10.0
RefSim-V,repair,M3.1,,1061.621768959005,103.76508834316155,139,10,8.562165646997782,0.11875669504433702,139,10,0,26.553352266139473,15.512194778619184,10.0,0.03582236345893284,0.02063444191731254,10.0
RefSim-V,repair,M3.2,,1228.2591407026919,64.53538028038402,116,10,8.797608400518438,0.08336746474078686,116,10,0,35.274210123573525,18.34680565111668,10.0,0.03535799386002072,0.016778637028251324,10.0
RefSim-V,repair,M4.1,,356.51637944408606,43.08501190573649,104,10,7.604151575784994,0.11837169102982849,104,10,0,-2.0178134167613395,10.744193035808548,10.0,0.0024060000218287135,0.029712166159502923,10.0
RefSim-V,repair,M4.2,,823.2166470617631,139.71147185869273,68,10,8.40608923245597,0.17756642412804877,68,10,0,66.53706414228486,25.90096974974453,10.0,0.10410570151519556,0.039972295081858525,10.0
RefSim-V,repair,M5,,2415.6729790865647,563.9566969915231,56,10,9.53329656422451,0.22267160955538393,56,10,0,49.60463370551813,50.840108885792574,10.0,0.029936168431016697,0.028341703208344532,10.0
RefSim-V,repair,POOLED,,1052.9389674078918,52.101308292507824,932,10,8.533856038381023,0.052653439330193764,932,10,0,32.25290165308046,8.729713288548197,10.0,0.038936097273026424,0.011178709171294047,10.0
RefSim-W,processing,M1.1,,3.8974053745018096,0.005877245193652757,201008,10,3.350941176527647,0.0016183226856120827,201008,10,0,3.069333341900847,0.006231981643411009,10.0,1.605190157011996,0.002768283132322907,10.0
RefSim-W,processing,M1.2,,4.182743982436175,0.008533479323441924,202296,10,3.417913736975078,0.00212702242209728,202296,10,0,2.886003057767017,0.008839541907533537,10.0,1.2546680413237965,0.0031339112141056747,10.0
RefSim-W,processing,M2.1,,4.865855750412476,0.008388055684986203,200996,10,3.568244134387278,0.0018607315528478786,200996,10,0,3.9717157652427133,0.008329822545601807,10.0,1.757794124761578,0.002261880085179979,10.0
RefSim-W,processing,M2.2,,5.031486488019285,0.010342689409116089,202294,10,3.5936699054206813,0.0019263721683173145,202294,10,0,3.9124057605003224,0.010288156319366566,10.0,1.5949133980217092,0.002703853076022947,10.0
RefSim-W,processing,M3.1,,7.275291236817983,0.014039894546471851,232416,10,3.9590453347631174,0.0018846049139878325,232416,10,0,5.916619485127872,0.014099231395525203,10.0,1.7890773980469021,0.002963655149947689,10.0
RefSim-W,processing,M3.2,,5.4708130923395055,0.013841976901660917,170867,10,3.7019960870274056,0.0027213488138550404,170867,10,0,4.29120945094734,0.013580878152496657,10.0,1.6191906491752974,0.0030196790799931067,10.0
RefSim-W,processing,M4.1,,5.666942608109249,0.009621264096312619,232414,10,3.7023531402726384,0.0016267245098742999,232414,10,0,4.718553101863349,0.009518238107962984,10.0,1.881298315828267,0.002697794443799066,10.0
RefSim-W,processing,M4.2,,4.564453713003968,0.010525300311363629,170868,10,3.5197875482721104,0.0023204924192617906,170868,10,0,3.7179626666607675,0.010639055504722234,10.0,1.7631130701484452,0.003005111254248364,10.0
RefSim-W,processing,M5,,24.19926168772051,0.052349300521394575,108425,10,5.172679518191537,0.0021882536058843442,108425,10,0,9.823900908511416,0.03802535554343822,10.0,0.7021750161194288,0.0027812081448617986,10.0
RefSim-W,processing,POOLED,,6.373212791176323,0.0059862302183070325,1721584,10,3.7085770321080025,0.0010340986235176902,1721584,10,0,4.470287973408487,0.005985805940031799,10.0,1.6028931351918363,0.0015403093045490432,10.0
RefSim-W,survival,M1.1,,11978.610986546448,849.1977604843363,164,10,10.869022068109135,0.08812654223289766,174,10,10,1573.0168111199275,396.3237233936647,10.0,0.5569129298522568,0.06713817856881303,10.0
RefSim-W,survival,M1.2,,17965.458624201838,1475.9127712770282,131,10,11.249918172410911,0.17775610762395108,141,10,10,1504.5002642697784,298.1419369065279,10.0,0.735442312313119,0.1510126684154914,10.0
RefSim-W,survival,M2.1,,24154.049473691364,3748.18339420934,54,10,10.38759010626032,0.28279158748549316,64,10,10,1320.6564708345554,606.5910514136618,10.0,0.4211330531631596,0.20121390451669988,10.0
RefSim-W,survival,M2.2,,26455.096407592064,4665.613276832659,60,10,10.689845410783652,0.41418380201333693,70,10,10,1018.343890709972,457.60445310660015,10.0,0.5073660730769065,0.3302632928338691,10.0
RefSim-W,survival,M3.1,,21475.819386957475,1507.0664265474154,129,10,11.184245879416968,0.10697599304933854,139,10,10,2190.88543601511,1097.271354133964,10.0,0.4197997904547622,0.05676944424187908,10.0
RefSim-W,survival,M3.2,,16661.07635235111,2819.8350545825188,106,10,11.031784753419142,0.3764329648905014,116,10,10,178.10386765506428,218.12748952376793,10.0,0.5325341350123048,0.3123316669369974,10.0
RefSim-W,survival,M4.1,,19820.46909267984,1727.7596712553777,94,10,11.008424059516667,0.2330663518795458,104,10,10,2015.9834989129668,496.8094018872314,10.0,0.6202218112319351,0.21277948696928167,10.0
RefSim-W,survival,M4.2,,29294.965580584027,5843.923508918942,58,10,10.90741347538833,0.5102660627806921,68,10,10,1790.0261195356077,1160.2447885542392,10.0,0.9118043073037285,0.3365756311455472,10.0
RefSim-W,survival,M5,,25349.686472100766,6027.307945528879,46,10,10.252708223259944,0.41686939142485807,55,10,9,245.68128644569552,1488.0382399392058,10.0,0.26649531201767757,0.20783619173733037,10.0
RefSim-W,survival,POOLED,,20253.178474284585,742.9343367806697,842,10,10.987816292434033,0.07536705388646288,931,10,89,1317.0015945944392,149.07383536953282,10.0,0.593367916718438,0.0716448973138882,10.0
RefSim-W,repair,M1.1,,964.3777515777562,70.42705373018634,174,10,8.552415972355034,0.09162049243825578,174,10,0,43.822721663930736,14.543882319382636,10.0,0.06541361958551697,0.02036764154288549,10.0
RefSim-W,repair,M1.2,,701.3493275981511,75.09020146203648,141,10,8.222735725925368,0.1051425503252903,141,10,0,9.169276114093549,10.511659858561208,10.0,0.010802306531996386,0.0239398559311929,10.0
RefSim-W,repair,M2.1,,1420.627361148455,164.03599011044201,64,10,8.976096950601496,0.11622590485310376,64,10,0,21.38087493548186,25.88844587502789,10.0,0.02680633453814334,0.022962408549824,10.0
RefSim-W,repair,M2.2,,1602.0554892738191,286.8578167163836,70,10,9.03788244701072,0.14607346232782023,70,10,0,51.764845866319625,36.86810830412003,10.0,0.025229538672293474,0.02587246339610123,10.0
RefSim-W,repair,M3.1,,1061.621768959005,103.76508834316155,139,10,8.562165646997782,0.11875669504433702,139,10,0,26.553352266139473,15.512194778619184,10.0,0.03582236345893284,0.02063444191731254,10.0
RefSim-W,repair,M3.2,,1228.2591407026919,64.53538028038402,116,10,8.797608400518438,0.08336746474078686,116,10,0,35.274210123573525,18.34680565111668,10.0,0.03535799386002072,0.016778637028251324,10.0
RefSim-W,repair,M4.1,,356.51637944408606,43.08501190573649,104,10,7.604151575784994,0.11837169102982849,104,10,0,-2.0178134167613395,10.744193035808548,10.0,0.0024060000218287135,0.029712166159502923,10.0
RefSim-W,repair,M4.2,,823.2166470617631,139.71147185869273,68,10,8.40608923245597,0.17756642412804877,68,10,0,66.53706414228486,25.90096974974453,10.0,0.10410570151519556,0.039972295081858525,10.0
RefSim-W,repair,M5,,2415.6729790865647,563.9566969915231,56,10,9.53329656422451,0.22267160955538393,56,10,0,49.60463370551813,50.840108885792574,10.0,0.029936168431016697,0.028341703208344532,10.0
RefSim-W,repair,POOLED,,1052.9389674078918,52.101308292507824,932,10,8.533856038381023,0.052653439330193764,932,10,0,32.25290165308046,8.729713288548197,10.0,0.038936097273026424,0.011178709171294047,10.0
